cell,cluster
B0h1#AAACCCACACGTTGGC-1,k12
B0h1#AAACGAACACGCTATA-1,k14
B0h1#AAACGAATCCTCACGT-1,k12
B0h1#AAAGGATTCCAAGCTA-1,k12
B0h1#AAAGGGCGTATTCCGA-1,k12
B0h1#AAAGGGCTCACGGGAA-1,k12
B0h1#AAAGTGAAGAACCCGA-1,k15
B0h1#AAATGGACAGCACAAG-1,k12
B0h1#AACAAAGCAGCCGGTT-1,k15
B0h1#AACAAGATCAAGCCAT-1,k15
B0h1#AACACACAGACCAACG-1,k15
B0h1#AACACACTCAGACAAA-1,k15
B0h1#AACAGGGAGTTGGAAT-1,k15
B0h1#AACAGGGGTTCCACAA-1,k15
B0h1#AACCAACAGTACTGTC-1,k15
B0h1#AACCAACAGTAGCATA-1,k15
B0h1#AACCAACCACAAGGTG-1,k14
B0h1#AACCAACGTAACCCTA-1,k14
B0h1#AACCAACGTCAAAGCG-1,k12
B0h1#AACCACATCAGGACAG-1,k14
B0h1#AACCATGCAGCGGTCT-1,k14
B0h1#AACCATGCATGAAAGT-1,k15
B0h1#AACCCAAGTATACCCA-1,k14
B0h1#AACCTGAAGACTCAAA-1,k15
B0h1#AACCTGACACGCCACA-1,k15
B0h1#AACCTGACATCTCATT-1,k14
B0h1#AACCTGAGTAGGTTTC-1,k15
B0h1#AACCTGATCCATTGCC-1,k12
B0h1#AACCTTTTCCGCACTT-1,k14
B0h1#AACGAAACATTAGGAA-1,k12
B0h1#AACGAAATCACGAGGA-1,k15
B0h1#AACGTCAAGATGCCGA-1,k12
B0h1#AACGTCAAGTCCCTAA-1,k12
B0h1#AACGTCATCTGTTCAT-1,k14
B0h1#AACTTCTTCATCACAG-1,k15
B0h1#AAGAACAGTACCCGAC-1,k12
B0h1#AAGAACAGTGCCTAAT-1,k14
B0h1#AAGACAACAACAAGAT-1,k15
B0h1#AAGACTCAGCACACCC-1,k15
B0h1#AAGACTCAGCTGAAGC-1,k15
B0h1#AAGACTCCAATCTCTT-1,k15
B0h1#AAGACTCGTAGACTGG-1,k15
B0h1#AAGATAGGTGGCCCAT-1,k12
B0h1#AAGCCATGTGTTGACT-1,k15
B0h1#AAGCCATTCGGCATTA-1,k15
B0h1#AAGCGAGCATGGATCT-1,k12
B0h1#AAGCGTTCAGCTGCCA-1,k14
B0h1#AAGCGTTTCCAGGACC-1,k15
B0h1#AAGGAATCACTAGAGG-1,k15
B0h1#AAGGTAACAGACTCTA-1,k15
B0h1#AAGTACCAGGTGATAT-1,k14
B0h1#AAGTCGTCATGAGAAT-1,k15
B0h1#AAGTGAATCCGTGCGA-1,k12
B0h1#AAGTTCGGTAAGACCG-1,k12
B0h1#AATCGACCAAGCTCTA-1,k15
B0h1#AATCGACTCTCCGAAA-1,k15
B0h1#AATCGTGGTGGAAGTC-1,k15
B0h1#AATGAAGGTTCGTTCC-1,k15
B0h1#AATGACCGTTACAGCT-1,k15
B0h1#AATGACCTCTAAACGC-1,k15
B0h1#AATGCCACAGCTGGTC-1,k12
B0h1#AATGGAAAGATGACCG-1,k14
B0h1#AATGGAAGTCGAAACG-1,k14
B0h1#AATGGCTCACTGTGTA-1,k15
B0h1#AATGGCTGTGGTCCGT-1,k15
B0h1#AATTCCTAGCGTCAAG-1,k14
B0h1#AATTCCTAGTGCCAGA-1,k12
B0h1#ACAAAGACATGTGTCA-1,k14
B0h1#ACAACCACACCCTTAC-1,k12
B0h1#ACAACCAGTCATCCGG-1,k15
B0h1#ACAACCAGTTAACCTG-1,k14
B0h1#ACAACCATCTAGATCG-1,k15
B0h1#ACACCAAAGGCCCGTT-1,k12
B0h1#ACACCAATCAGCTTGA-1,k14
B0h1#ACACTGACATATGAAG-1,k15
B0h1#ACACTGATCGCGGTAC-1,k14
B0h1#ACAGAAATCACCTGGG-1,k15
B0h1#ACAGCCGAGTCTACCA-1,k12
B0h1#ACAGGGACATCGTTCC-1,k15
B0h1#ACAGGGAGTCCAGCGT-1,k12
B0h1#ACAGGGATCACCGGTG-1,k12
B0h1#ACATCGACACCCAAGC-1,k15
B0h1#ACATGCAGTGCTGATT-1,k15
B0h1#ACCAAACAGTAGCATA-1,k12
B0h1#ACCAAACGTTGCCATA-1,k12
B0h1#ACCAACAAGCTTGTTG-1,k15
B0h1#ACCAACAAGGAGCTGT-1,k12
B0h1#ACCAACAGTGGTCTCG-1,k12
B0h1#ACCAACAGTTCCACAA-1,k15
B0h1#ACCACAAGTCCGTTTC-1,k12
B0h1#ACCACAATCAAGTCTG-1,k12
B0h1#ACCATTTCACGAGAAC-1,k15
B0h1#ACCATTTCAGCATCTA-1,k15
B0h1#ACCCAAAAGGGCCAAT-1,k12
B0h1#ACCCAAATCCGGGACT-1,k15
B0h1#ACCCTCACACTAGAGG-1,k12
B0h1#ACCCTCATCCACTAGA-1,k15
B0h1#ACCCTTGAGTAATTGG-1,k15
B0h1#ACCTACCGTTCTATCT-1,k15
B0h1#ACGATCATCATTTGGG-1,k14
B0h1#ACGGAAGCACGTAGTT-1,k15
B0h1#ACGGGTCAGATGGCAC-1,k14
B0h1#ACGGGTCGTATTGGCT-1,k15
B0h1#ACGGGTCTCATAGAGA-1,k15
B0h1#ACGGTTACAAGGGTCA-1,k15
B0h1#ACGGTTATCTCCAATT-1,k12
B0h1#ACGTAACAGGTTGAGC-1,k15
B0h1#ACGTAACAGTCCTGCG-1,k15
B0h1#ACGTAACCAACTGTGT-1,k12
B0h1#ACGTAGTAGTTGGCTT-1,k15
B0h1#ACGTCCTTCGGCTCTT-1,k14
B0h1#ACGTCCTTCTAGTTCT-1,k15
B0h1#ACGTTCCCAAGGACAC-1,k14
B0h1#ACTACGAAGGTCCCTG-1,k12
B0h1#ACTATCTAGATGTAGT-1,k15
B0h1#ACTATCTAGCATCGAG-1,k15
B0h1#ACTATCTCAACCACGC-1,k15
B0h1#ACTATGGGTTAGAAAC-1,k15
B0h1#ACTCCCATCAGACTGT-1,k12
B0h1#ACTGATGAGACTTGTC-1,k15
B0h1#ACTGCAAAGCTCGAAG-1,k15
B0h1#ACTGCAATCTTCGTAT-1,k14
B0h1#ACTGTCCCAAAGGCTG-1,k14
B0h1#ACTGTCCGTAGGCAGT-1,k15
B0h1#ACTGTCCGTATGTCAC-1,k15
B0h1#ACTGTCCGTTATGACC-1,k15
B0h1#ACTGTGACACACAGAG-1,k14
B0h1#ACTGTGATCACTGCTC-1,k12
B0h1#ACTGTGATCCATGCAA-1,k15
B0h1#ACTTATCAGAGTCTGG-1,k12
B0h1#ACTTCCGAGATGGTCG-1,k12
B0h1#ACTTCCGAGTGATGGC-1,k12
B0h1#ACTTCGCCAGCTACAT-1,k12
B0h1#ACTTCGCTCCAAATGC-1,k12
B0h1#ACTTTCAAGGGCGAGA-1,k12
B0h1#ACTTTCATCTTACTGT-1,k12
B0h1#AGAACAAAGTTCCAGT-1,k14
B0h1#AGAACCTAGAGCCTGA-1,k12
B0h1#AGAAGCGAGACAACTA-1,k12
B0h1#AGAAGTAGTGAAGCGT-1,k15
B0h1#AGACAAAAGTGCACCC-1,k15
B0h1#AGACAAACAAGCCTGC-1,k15
B0h1#AGACACTCAGTCAGCC-1,k15
B0h1#AGACACTGTAACAAGT-1,k12
B0h1#AGACACTGTATCAGGG-1,k12
B0h1#AGACACTGTGTCATTG-1,k14
B0h1#AGACAGGGTAACATAG-1,k15
B0h1#AGACAGGGTATGTCAC-1,k15
B0h1#AGACCATCATCCGCGA-1,k15
B0h1#AGACTCAAGGACACTG-1,k14
B0h1#AGACTCACAAGGGCAT-1,k15
B0h1#AGACTCACACGTACAT-1,k15
B0h1#AGAGAATAGACCAAGC-1,k12
B0h1#AGAGAATCAGCGTATT-1,k14
B0h1#AGAGCCCTCTCTTGCG-1,k15
B0h1#AGATAGACACGTCGGT-1,k14
B0h1#AGATCCACAGCCGTTG-1,k15
B0h1#AGATCCAGTGTCCAAT-1,k15
B0h1#AGATCCATCTCGTGGG-1,k14
B0h1#AGATCGTAGGCTGAAC-1,k14
B0h1#AGATGAATCGCGATCG-1,k15
B0h1#AGATGCTCATCGCTGG-1,k15
B0h1#AGCATCAAGCGCTGAA-1,k12
B0h1#AGCCAATAGGGTTGCA-1,k14
B0h1#AGCCAATCATTCTCTA-1,k12
B0h1#AGCCAATGTGAGCTCC-1,k14
B0h1#AGCCAATGTTACCTGA-1,k15
B0h1#AGCCACGTCGACCACG-1,k14
B0h1#AGCGCTGGTCGAATGG-1,k12
B0h1#AGCGTATCAAGAGGCT-1,k12
B0h1#AGCGTATCACACGTGC-1,k15
B0h1#AGCGTATGTGTTGACT-1,k14
B0h1#AGCTACAAGGTGCTAG-1,k15
B0h1#AGCTCAACACGAGGTA-1,k12
B0h1#AGCTCAAGTAGCGATG-1,k12
B0h1#AGCTCAATCGTAGCCG-1,k15
B0h1#AGGAAATCACGGCCAT-1,k15
B0h1#AGGACGACACATCCCT-1,k15
B0h1#AGGACTTAGAGGTGCT-1,k14
B0h1#AGGACTTGTCTCTCTG-1,k15
B0h1#AGGACTTTCTGGTTGA-1,k15
B0h1#AGGAGGTAGCCATTGT-1,k14
B0h1#AGGAGGTAGTGCCCGT-1,k14
B0h1#AGGAGGTTCGATGGAG-1,k15
B0h1#AGGATAAAGCACCAGA-1,k15
B0h1#AGGATAAAGCCTGAAG-1,k12
B0h1#AGGATCTAGGATTTGA-1,k12
B0h1#AGGATCTAGGTAGTAT-1,k15
B0h1#AGGCATTCAAATCGTC-1,k14
B0h1#AGGCCACCACATTCGA-1,k15
B0h1#AGGCTGCAGATACTGA-1,k15
B0h1#AGGCTGCGTTTCACTT-1,k15
B0h1#AGGCTGCTCGGTCGAC-1,k15
B0h1#AGGGCTCGTGGCCACT-1,k12
B0h1#AGGGCTCTCGTGCAGC-1,k15
B0h1#AGGGTCCAGGTAAGGA-1,k15
B0h1#AGGGTCCCACACCTGG-1,k12
B0h1#AGGGTCCCACCGTGCA-1,k12
B0h1#AGGGTGAAGTCATCGT-1,k14
B0h1#AGGGTTTCATGACGTT-1,k15
B0h1#AGGGTTTGTCCACATA-1,k15
B0h1#AGGGTTTGTGATCGTT-1,k12
B0h1#AGGTAGGTCTCGAACA-1,k14
B0h1#AGGTCATAGCTATCTG-1,k14
B0h1#AGGTCATAGTGTTCCA-1,k15
B0h1#AGGTGTTCATTCAGGT-1,k14
B0h1#AGGTTACAGGTCATAA-1,k15
B0h1#AGGTTACTCAGCTTGA-1,k15
B0h1#AGGTTGTCATGCGGTC-1,k14
B0h1#AGTAACCGTGTCCAAT-1,k12
B0h1#AGTACTGAGCAGGGAG-1,k15
B0h1#AGTACTGCACCAAAGG-1,k15
B0h1#AGTACTGGTTGCTCCT-1,k14
B0h1#AGTCATGAGTGCTAGG-1,k15
B0h1#AGTCTCCAGATGGTAT-1,k15
B0h1#AGTCTCCAGCGGCTCT-1,k15
B0h1#AGTGACTAGCTCGGCT-1,k12
B0h1#AGTGACTTCAGCATTG-1,k15
B0h1#AGTGACTTCGTAACAC-1,k12
B0h1#AGTGATCTCAAGTGGG-1,k14
B0h1#AGTGCCGAGTACAACA-1,k15
B0h1#AGTGCCGCATGAATAG-1,k12
B0h1#AGTTCCCGTCTGCGCA-1,k15
B0h1#AGTTCGAGTAGATGTA-1,k14
B0h1#AGTTCGAGTGACACAG-1,k15
B0h1#ATACCGAAGCCTGACC-1,k12
B0h1#ATACCGAAGGCTAGCA-1,k14
B0h1#ATACCGACACAGCTTA-1,k14
B0h1#ATACCGATCGACGACC-1,k15
B0h1#ATACCTTGTAGAGCTG-1,k15
B0h1#ATACCTTTCCGTGCGA-1,k12
B0h1#ATACTTCCAGCAGGAT-1,k12
B0h1#ATACTTCCATGACGAG-1,k14
B0h1#ATACTTCTCCGACAGC-1,k15
B0h1#ATAGACCCATCGGAGA-1,k15
B0h1#ATAGACCTCGGAGCAA-1,k12
B0h1#ATAGACCTCGTGGCTG-1,k12
B0h1#ATAGAGAAGGTACATA-1,k15
B0h1#ATAGGCTAGCCATCCG-1,k14
B0h1#ATATCCTGTTAGGGAC-1,k15
B0h1#ATATCCTGTTCTCCCA-1,k15
B0h1#ATCACAGGTCAGATTC-1,k15
B0h1#ATCACGACAGCTACCG-1,k15
B0h1#ATCACGATCGTCAACA-1,k15
B0h1#ATCACTTAGTCATGAA-1,k15
B0h1#ATCAGGTGTGTACATC-1,k12
B0h1#ATCATTCAGTCGCGAA-1,k15
B0h1#ATCCACCAGTCATACC-1,k15
B0h1#ATCCATTAGCAGGGAG-1,k15
B0h1#ATCCATTGTCCACTTC-1,k12
B0h1#ATCCATTTCGATCCAA-1,k15
B0h1#ATCCCTGAGCGGATCA-1,k15
B0h1#ATCCCTGCACCCTAGG-1,k15
B0h1#ATCCCTGTCCTCACCA-1,k14
B0h1#ATCCTATGTCAGTTTG-1,k15
B0h1#ATCCTATTCTTAGCCC-1,k15
B0h1#ATCGCCTAGAATGTTG-1,k15
B0h1#ATCGCCTGTAGCGCCT-1,k12
B0h1#ATCGCCTGTATGTCCA-1,k15
B0h1#ATCGCCTGTTTCAGAC-1,k15
B0h1#ATCGGATAGCCTCCAG-1,k15
B0h1#ATCGGATCACGTGTGC-1,k15
B0h1#ATCGGATGTCGATTCA-1,k15
B0h1#ATCGGCGCAAGCACCC-1,k14
B0h1#ATCGTAGCAACTGCCG-1,k14
B0h1#ATCGTCCAGGGTACGT-1,k12
B0h1#ATCGTCCTCAACACCA-1,k14
B0h1#ATCGTCCTCGGAAACG-1,k15
B0h1#ATCGTGAGTCTCGCGA-1,k14
B0h1#ATCTTCACAGTCCGTG-1,k15
B0h1#ATCTTCATCCTTCTAA-1,k12
B0h1#ATGAAAGAGTATGAAC-1,k12
B0h1#ATGAAAGGTACCGCGT-1,k15
B0h1#ATGACCAGTAATGCTC-1,k14
B0h1#ATGACCAGTACTCGAT-1,k15
B0h1#ATGACCAGTTCGTGCG-1,k15
B0h1#ATGAGTCGTACGTACT-1,k12
B0h1#ATGAGTCTCTTCGTAT-1,k12
B0h1#ATGATCGAGACACACG-1,k15
B0h1#ATGCATGAGAGGTTTA-1,k15
B0h1#ATGCATGAGGAATTAC-1,k12
B0h1#ATGCATGCAAATGCTC-1,k12
B0h1#ATGCATGTCAACCGAT-1,k12
B0h1#ATGCATGTCGAAGCCC-1,k15
B0h1#ATGCCTCGTGCTCGTG-1,k15
B0h1#ATGCGATGTTAGTTCG-1,k14
B0h1#ATGGAGGGTATGGTAA-1,k15
B0h1#ATGGAGGGTGTGCTTA-1,k15
B0h1#ATGGATCGTGCGCTCA-1,k12
B0h1#ATGGGAGCAACCGACC-1,k12
B0h1#ATGGGAGGTTCGGTTA-1,k12
B0h1#ATGGGAGTCACACGAT-1,k15
B0h1#ATGGGAGTCAGAGCAG-1,k15
B0h1#ATGGGTTCACGGATCC-1,k12
B0h1#ATGGTTGCAACCACGC-1,k15
B0h1#ATGGTTGCAGCACAAG-1,k12
B0h1#ATGGTTGCATCCGTGG-1,k12
B0h1#ATGTCTTCACAAGGTG-1,k15
B0h1#ATGTCTTCATAGCACT-1,k14
B0h1#ATGTCTTTCTAGACAC-1,k15
B0h1#ATTACCTTCTCTTAAC-1,k12
B0h1#ATTACTCCACAGCCAC-1,k14
B0h1#ATTATCCGTGTGTCCG-1,k12
B0h1#ATTATCCTCACCTGTC-1,k12
B0h1#ATTATCCTCTTACACT-1,k15
B0h1#ATTCAGGCAGACCGCT-1,k15
B0h1#ATTCAGGTCCCGTGTT-1,k15
B0h1#ATTCATCAGGGAGAAT-1,k12
B0h1#ATTCATCTCAAGCCAT-1,k15
B0h1#ATTCCATAGTAGCATA-1,k15
B0h1#ATTCCATGTTAGGACG-1,k15
B0h1#ATTCCCGCATGGCTGC-1,k14
B0h1#ATTCCCGGTACTGTTG-1,k14
B0h1#ATTCCCGTCCGGTAGC-1,k12
B0h1#ATTCCTAAGTATGGAT-1,k15
B0h1#ATTCCTATCGCGTAGC-1,k15
B0h1#ATTCGTTAGAGTTGAT-1,k14
B0h1#ATTCTACCACAAACGG-1,k14
B0h1#ATTCTTGTCGTGTTCC-1,k14
B0h1#ATTGTTCGTGTTACAC-1,k15
B0h1#ATTTACCAGGTGCTTT-1,k14
B0h1#ATTTACCCAAATGCGG-1,k15
B0h1#ATTTCACAGGTGATCG-1,k12
B0h1#CAAAGAAGTGGTCTAT-1,k15
B0h1#CAACAACAGGTCTGGA-1,k15
B0h1#CAACCAAGTCAGTCCG-1,k15
B0h1#CAACCTCCATCGTTCC-1,k15
B0h1#CAACGATCATGTCAGT-1,k15
B0h1#CAAGACTCAACCCGCA-1,k14
B0h1#CAAGAGGGTGTGGACA-1,k15
B0h1#CAAGCTACAAATGGAT-1,k14
B0h1#CAAGCTATCGGCCCAA-1,k15
B0h1#CAATACGTCAAGATAG-1,k15
B0h1#CAATCGAAGCTATCCA-1,k12
B0h1#CAATCGACAACAGCCC-1,k14
B0h1#CAATGACCATGGACAG-1,k12
B0h1#CAATGACTCAGGCGAA-1,k14
B0h1#CAATTTCGTCATACCA-1,k12
B0h1#CACAACACAGCTACTA-1,k15
B0h1#CACACAAAGGTTGGTG-1,k15
B0h1#CACACAACACGGGTAA-1,k12
B0h1#CACACAAGTAATTAGG-1,k15
B0h1#CACAGATAGGTCACCC-1,k15
B0h1#CACAGATAGTCACTGT-1,k15
B0h1#CACAGATGTGCATTAC-1,k15
B0h1#CACAGGCCAGAGGCAT-1,k15
B0h1#CACCAAAAGCTGAGTG-1,k12
B0h1#CACGAATGTAGAAACT-1,k15
B0h1#CACGTTCTCTCCGAGG-1,k15
B0h1#CACTAAGCAGCAGATG-1,k15
B0h1#CACTGAACAAGAATAC-1,k12
B0h1#CACTTCGAGCGAACTG-1,k12
B0h1#CACTTCGAGGTCGAGT-1,k15
B0h1#CACTTCGAGTTGGAAT-1,k15
B0h1#CAGAGCCAGCCTTTCC-1,k14
B0h1#CAGATTGCATAATGAG-1,k15
B0h1#CAGCAATTCACCATGA-1,k15
B0h1#CAGCAGCAGTTGCTCA-1,k15
B0h1#CAGCCAGAGAACGCGT-1,k15
B0h1#CAGCCAGCACACAGCC-1,k15
B0h1#CAGCCAGGTCGTGGAA-1,k12
B0h1#CAGCGTGCACAAATAG-1,k12
B0h1#CAGCGTGGTCCGTTTC-1,k15
B0h1#CAGCGTGTCTCTCTAA-1,k12
B0h1#CAGGCCAAGACCATTC-1,k12
B0h1#CAGGCCAAGTTGTAAG-1,k12
B0h1#CAGGCCACAAGTTGGG-1,k12
B0h1#CAGGCCATCGGATACT-1,k15
B0h1#CAGGGCTAGTGTACCT-1,k15
B0h1#CAGGGCTCACATGAAA-1,k15
B0h1#CAGGGCTTCAACTTTC-1,k12
B0h1#CAGGTATAGCCGAATG-1,k15
B0h1#CAGGTATGTGTACATC-1,k15
B0h1#CAGTGCGAGCCATCCG-1,k12
B0h1#CAGTGCGAGGGCAATC-1,k15
B0h1#CAGTGCGCATACCATG-1,k15
B0h1#CAGTTAGTCAGCAGAG-1,k15
B0h1#CAGTTCCCACTAGAGG-1,k12
B0h1#CAGTTCCTCCCTTGTG-1,k12
B0h1#CATAAGCAGTTACTCG-1,k15
B0h1#CATAAGCCAGTAGTGG-1,k15
B0h1#CATAAGCGTGACTATC-1,k15
B0h1#CATAAGCGTGGTTTGT-1,k15
B0h1#CATACCCCACAGAAGC-1,k15
B0h1#CATACCCCACGGGTAA-1,k14
B0h1#CATACCCGTAGATCGG-1,k15
B0h1#CATACCCGTGATATAG-1,k12
B0h1#CATACCCGTGCAAGAC-1,k12
B0h1#CATACTTCATCTGGGC-1,k12
B0h1#CATACTTTCCACTTTA-1,k15
B0h1#CATACTTTCCTCTAAT-1,k15
B0h1#CATAGACCAGGTGGAT-1,k15
B0h1#CATAGACCAGTGTACT-1,k15
B0h1#CATCAAGGTCTCACGG-1,k14
B0h1#CATCCACAGAGTCAAT-1,k12
B0h1#CATCCCAGTAACCAGG-1,k12
B0h1#CATCCGTCAGCGGTTC-1,k15
B0h1#CATCCGTGTGTATTGC-1,k15
B0h1#CATCGCTGTTCGGTCG-1,k15
B0h1#CATCGGGCAAGTGGAC-1,k12
B0h1#CATCGGGGTCCTTGTC-1,k15
B0h1#CATCGGGTCTACTCAT-1,k12
B0h1#CATCGTCCAAGACGAC-1,k14
B0h1#CATCGTCCAGGTAGTG-1,k12
B0h1#CATCGTCGTCTCTCCA-1,k14
B0h1#CATGCAAGTACTGGGA-1,k14
B0h1#CATGCGGCACCGTGCA-1,k14
B0h1#CATGCTCAGTGGACGT-1,k15
B0h1#CATGGATCAACCGTGC-1,k15
B0h1#CATGGATCAGTTGGTT-1,k15
B0h1#CATGGATGTATGAGAT-1,k15
B0h1#CATGGTAAGTAACCTC-1,k15
B0h1#CATGGTACAACTTGCA-1,k15
B0h1#CATTCATAGGTGATAT-1,k15
B0h1#CATTCCGCACTCTGCT-1,k12
B0h1#CATTCCGGTATGTCCA-1,k14
B0h1#CATTGAGAGAAGCGGG-1,k15
B0h1#CATTTCATCACTCACC-1,k14
B0h1#CCAAGCGAGGGTTAGC-1,k12
B0h1#CCAATGATCGACTCCT-1,k14
B0h1#CCAATTTCAAAGCGTG-1,k15
B0h1#CCACAAACAAGAAATC-1,k14
B0h1#CCACAAATCGCGTTTC-1,k15
B0h1#CCACCATCAAGACTGG-1,k12
B0h1#CCACCATGTCCGAAGA-1,k15
B0h1#CCACCATGTGGAACAC-1,k15
B0h1#CCATAAGCAGTCGGAA-1,k15
B0h1#CCATCACCAGAACTCT-1,k12
B0h1#CCCATTGGTAAGATTG-1,k15
B0h1#CCCATTGGTTCAATCG-1,k12
B0h1#CCCGAAGAGGTCCAGA-1,k15
B0h1#CCCTAACAGTGTTGTC-1,k12
B0h1#CCCTGATCAGATACCT-1,k15
B0h1#CCCTGATTCAGTCAGT-1,k12
B0h1#CCGAACGCACAGCGCT-1,k12
B0h1#CCGAACGCATATGGCT-1,k15
B0h1#CCGAACGGTAAGCTCT-1,k12
B0h1#CCGATCTTCCTCGATC-1,k12
B0h1#CCGATGGAGTAAACGT-1,k12
B0h1#CCGATGGCAAGCACAG-1,k15
B0h1#CCGATGGTCTGAGCAT-1,k12
B0h1#CCGCAAGGTGAATGTA-1,k12
B0h1#CCGCAAGTCACATCAG-1,k12
B0h1#CCGCAAGTCGTTCTAT-1,k15
B0h1#CCGGACAGTACCCGAC-1,k12
B0h1#CCGGGTAAGTGCTACT-1,k14
B0h1#CCGGGTATCTCACTCG-1,k15
B0h1#CCGGTAGAGATTCGCT-1,k12
B0h1#CCGGTAGAGGATACGC-1,k15
B0h1#CCGGTAGCATGATAGA-1,k15
B0h1#CCGGTGATCCGAGATT-1,k15
B0h1#CCGGTGATCTCAGTCC-1,k15
B0h1#CCGGTGATCTTCGACC-1,k12
B0h1#CCGTGAGAGTGGTCAG-1,k15
B0h1#CCGTGAGTCCATCTCG-1,k12
B0h1#CCGTTCACAATTTCTC-1,k12
B0h1#CCTAACCGTGGCCCAT-1,k15
B0h1#CCTAAGACAAATAGCA-1,k15
B0h1#CCTAAGAGTCTACGTA-1,k12
B0h1#CCTACGTTCAAGCTGT-1,k15
B0h1#CCTATCGAGGCATTTC-1,k12
B0h1#CCTATCGCACCTGCGA-1,k12
B0h1#CCTCACACAAGATGGC-1,k15
B0h1#CCTCACAGTTTACTTC-1,k15
B0h1#CCTCAGTCAGTCAGAG-1,k15
B0h1#CCTCATGTCGACGCTG-1,k12
B0h1#CCTCCAATCGAAACAA-1,k12
B0h1#CCTCCTCAGATCCCAT-1,k15
B0h1#CCTCCTCCACGCTGAC-1,k12
B0h1#CCTCCTCCATGACTGT-1,k15
B0h1#CCTCTCCTCTGCTAGA-1,k14
B0h1#CCTGCATCAGGGAATC-1,k14
B0h1#CCTGCATCATCTCAAG-1,k14
B0h1#CCTGTTGCAAGAGTTA-1,k12
B0h1#CCTGTTGCAGTTTCAG-1,k12
B0h1#CCTTCAGAGGAGTACC-1,k12
B0h1#CCTTCAGGTGACCGAA-1,k15
B0h1#CCTTGTGAGTATGCAA-1,k12
B0h1#CCTTGTGCAAGGCTTT-1,k15
B0h1#CCTTGTGGTCTCGGAC-1,k12
B0h1#CCTTGTGGTGATTAGA-1,k15
B0h1#CCTTTGGCAATTGCGT-1,k14
B0h1#CCTTTGGTCGTAGGGA-1,k15
B0h1#CGAAGGAGTTCGGCTG-1,k12
B0h1#CGAAGTTAGCATGCGA-1,k15
B0h1#CGACAGCTCAAGCCCG-1,k12
B0h1#CGACAGCTCGCCAGAC-1,k14
B0h1#CGAGGAACACCCTAGG-1,k12
B0h1#CGAGGAATCTGCTCTG-1,k15
B0h1#CGAGTGCGTCCAGGTC-1,k15
B0h1#CGAGTGCGTCTTCCGT-1,k14
B0h1#CGAGTGCGTGCACGCT-1,k15
B0h1#CGAGTTAGTGTCTTAG-1,k15
B0h1#CGAGTTAGTTGGCCGT-1,k12
B0h1#CGATCGGCAGCCCAGT-1,k15
B0h1#CGATCGGTCCTACTGC-1,k15
B0h1#CGATGCGAGACGACGT-1,k15
B0h1#CGATGCGGTGCCTTTC-1,k15
B0h1#CGCAGGTCACGCTGCA-1,k15
B0h1#CGCCATTGTGACATCT-1,k15
B0h1#CGCGTGACATTAGGAA-1,k15
B0h1#CGCGTGAGTATTCTCT-1,k15
B0h1#CGCGTGATCAGCTTGA-1,k15
B0h1#CGGAACCAGCCGATCC-1,k12
B0h1#CGGAACCAGGGCTGAT-1,k15
B0h1#CGGAACCCAGGCAATG-1,k14
B0h1#CGGAACCGTCATGGCC-1,k12
B0h1#CGGACACAGAATACAC-1,k15
B0h1#CGGACACGTGGGCTCT-1,k14
B0h1#CGGAGAAAGGGTCTTT-1,k12
B0h1#CGGAGAATCTTCGTAT-1,k15
B0h1#CGGCAGTGTCCAATCA-1,k14
B0h1#CGGGTCACATAACAGA-1,k14
B0h1#CGGGTGTAGGTAAGGA-1,k12
B0h1#CGGGTGTCACGTAGAG-1,k15
B0h1#CGGTCAGGTGCCTGAC-1,k12
B0h1#CGGTCAGGTTTCACAG-1,k14
B0h1#CGTAAGTGTGGGTATG-1,k12
B0h1#CGTAAGTGTTAGGGAC-1,k15
B0h1#CGTAATGAGGTTGCCC-1,k15
B0h1#CGTAATGAGTAAAGCT-1,k15
B0h1#CGTAATGGTCGCAACC-1,k12
B0h1#CGTAGTATCAGCGCAC-1,k12
B0h1#CGTCCATCAGGCGATA-1,k12
B0h1#CGTCCATGTCTAGGTT-1,k15
B0h1#CGTCCATGTCTTTATC-1,k14
B0h1#CGTGCTTGTTTCGACA-1,k15
B0h1#CGTGCTTTCGGAACTT-1,k15
B0h1#CGTTAGATCGTGACTA-1,k15
B0h1#CGTTCTGAGATTTGCC-1,k15
B0h1#CGTTGGGAGGTTTACC-1,k14
B0h1#CGTTGGGCAAATAAGC-1,k12
B0h1#CTAACTTAGTACGTCT-1,k12
B0h1#CTAACTTCAGCATTGT-1,k12
B0h1#CTAACTTTCGACATCA-1,k12
B0h1#CTAAGTGAGTGGCCTC-1,k15
B0h1#CTAAGTGGTCGTCTCT-1,k12
B0h1#CTAAGTGTCACCTTAT-1,k15
B0h1#CTACAGAAGCAGGCTA-1,k15
B0h1#CTACATTGTTAACAGA-1,k12
B0h1#CTACATTTCATGGAGG-1,k12
B0h1#CTACATTTCCAGCCTT-1,k12
B0h1#CTACATTTCCATTGGA-1,k12
B0h1#CTACCCAAGAATTGTG-1,k12
B0h1#CTACCCACATCCCGTT-1,k14
B0h1#CTACCTGAGTTTGTCG-1,k15
B0h1#CTACGGGCACAAGCTT-1,k15
B0h1#CTAGACATCTCGACGG-1,k14
B0h1#CTAGGTAAGTTTAGGA-1,k15
B0h1#CTATAGGTCGAAGCAG-1,k15
B0h1#CTATAGGTCGCAGAGA-1,k14
B0h1#CTATCCGCAGCGAACA-1,k15
B0h1#CTATCCGGTCGCGGTT-1,k15
B0h1#CTATCTAGTGATCATC-1,k15
B0h1#CTCAACCCAGAGATGC-1,k12
B0h1#CTCACTGCACCCTGTT-1,k14
B0h1#CTCACTGTCGCTACAA-1,k12
B0h1#CTCAGAAAGAAATTCG-1,k15
B0h1#CTCAGGGGTTTGTTCT-1,k15
B0h1#CTCAGGGTCTACCCAC-1,k12
B0h1#CTCAGGGTCTCCCAAC-1,k15
B0h1#CTCAGTCTCACCGGTG-1,k15
B0h1#CTCATCGAGCCTGACC-1,k15
B0h1#CTCATCGGTGCAACGA-1,k12
B0h1#CTCATGCTCCGTGTAA-1,k14
B0h1#CTCCAACCAGCAGATG-1,k15
B0h1#CTCCAACGTCCAAATC-1,k12
B0h1#CTCCAACGTGTCCCTT-1,k15
B0h1#CTCCAACTCCCGTTCA-1,k15
B0h1#CTCCATGCACTTGTCC-1,k12
B0h1#CTCCATGGTTGGATCT-1,k14
B0h1#CTCCCAAAGATGTTAG-1,k14
B0h1#CTCCCTCCAATCTGCA-1,k12
B0h1#CTCCCTCCATTGACTG-1,k12
B0h1#CTCCGATAGAAAGCGA-1,k15
B0h1#CTCCGATCATGCGGTC-1,k15
B0h1#CTCCGATGTCCGTTTC-1,k15
B0h1#CTCCTCCCAACTGCCG-1,k15
B0h1#CTCCTCCCACATGACT-1,k15
B0h1#CTCTCGAAGTGCAGGT-1,k12
B0h1#CTCTCGATCGGTAGGA-1,k14
B0h1#CTGAATGGTTGCATGT-1,k15
B0h1#CTGAGCGCACGTAGAG-1,k15
B0h1#CTGAGCGGTGAGCTCC-1,k15
B0h1#CTGAGCGTCTACTATC-1,k15
B0h1#CTGAGGCAGACGGTCA-1,k15
B0h1#CTGAGGCGTAGCGATG-1,k15
B0h1#CTGATCCAGGCTAAAT-1,k15
B0h1#CTGCATCCAGGGTCTC-1,k12
B0h1#CTGCATCCAGTTTCGA-1,k15
B0h1#CTGCCATTCTTGTTAC-1,k15
B0h1#CTGCCTACAGTATACC-1,k15
B0h1#CTGCCTAGTCGCCACA-1,k14
B0h1#CTGCCTATCCACGTGG-1,k15
B0h1#CTGGCAGAGGCGATAC-1,k14
B0h1#CTGTACCAGAGTTGTA-1,k15
B0h1#CTGTACCAGTTCCGGC-1,k12
B0h1#CTGTACCCAGACTGCC-1,k15
B0h1#CTGTACCGTTGCCAAT-1,k12
B0h1#CTGTAGACACCAATTG-1,k14
B0h1#CTGTCGTCAGCTCATA-1,k15
B0h1#CTGTCGTGTGGATTTC-1,k12
B0h1#CTGTCGTGTGTGTGTT-1,k12
B0h1#CTGTCGTTCATCGCAA-1,k15
B0h1#CTGTCGTTCTGCTGAA-1,k15
B0h1#CTGTGAAAGACCAGCA-1,k14
B0h1#CTGTGAACACATGTTG-1,k15
B0h1#CTGTGAATCGTAGGAG-1,k14
B0h1#CTGTGGGAGCACGTCC-1,k14
B0h1#CTGTGGGGTTATCCAG-1,k15
B0h1#CTGTGGGTCTCAACCC-1,k15
B0h1#CTTACCGTCTACCAGA-1,k12
B0h1#CTTAGGACAGGTTCGC-1,k14
B0h1#CTTAGGATCCATTCGC-1,k14
B0h1#CTTCAATCAAGCTACT-1,k15
B0h1#CTTCCGAAGCCTCTTC-1,k12
B0h1#CTTCCGACATGACTAC-1,k15
B0h1#CTTCCGAGTGTAACGG-1,k15
B0h1#CTTCGGTCATACAGGG-1,k15
B0h1#CTTCTAAAGGATATAC-1,k15
B0h1#CTTCTAAAGTCCCAGC-1,k15
B0h1#CTTCTAATCATAAGGA-1,k14
B0h1#CTTCTCTGTAGCTGAG-1,k12
B0h1#CTTCTCTGTGAGGAAA-1,k12
B0h1#CTTCTCTTCCCATAGA-1,k12
B0h1#CTTCTCTTCGGCTTGG-1,k12
B0h1#CTTGAGAAGCTCCGAC-1,k15
B0h1#CTTGAGACAATCGTCA-1,k15
B0h1#CTTGAGATCCACAGCG-1,k15
B0h1#CTTGATTAGCATACTC-1,k12
B0h1#CTTGATTGTATGAGAT-1,k15
B0h1#CTTGATTTCAGAACCT-1,k12
B0h1#CTTTCAATCTTGTTAC-1,k15
B0h1#CTTTCGGCAGGCACAA-1,k12
B0h1#CTTTCGGTCATGGGAG-1,k15
B0h1#GAAACCTGTTCTGAGT-1,k12
B0h1#GAAATGAAGTGGATAT-1,k14
B0h1#GAACACTCAGACGGAT-1,k12
B0h1#GAACGTTGTTGTCATG-1,k15
B0h1#GAACGTTGTTTAGAGA-1,k12
B0h1#GAAGAATAGATTCGCT-1,k14
B0h1#GAAGCCCTCCCTCTAG-1,k14
B0h1#GAAGGACAGCGGTATG-1,k15
B0h1#GAAGGACAGTTCCAGT-1,k12
B0h1#GAAGGGTAGCAAATGT-1,k15
B0h1#GAAGTAACAAGCCATT-1,k12
B0h1#GAATAGATCAAGAGTA-1,k12
B0h1#GAATCACCACTATCCC-1,k15
B0h1#GAATCGTTCTCCAATT-1,k15
B0h1#GACACGCAGTTGTCAC-1,k14
B0h1#GACCAATCACGTACAT-1,k15
B0h1#GACCAATGTCTGCCTT-1,k14
B0h1#GACCCAGAGGACGGAG-1,k12
B0h1#GACCGTGCACGCAGTC-1,k12
B0h1#GACCGTGCATCTATCT-1,k12
B0h1#GACCGTGGTGCCGGTT-1,k12
B0h1#GACCTTCAGCTCGTGC-1,k14
B0h1#GACCTTCTCCATTCAT-1,k14
B0h1#GACGCTGTCTTTGCTA-1,k12
B0h1#GACGTTAGTGATACTC-1,k15
B0h1#GACGTTATCTGCTGAA-1,k15
B0h1#GACGTTATCTTGGTCC-1,k15
B0h1#GACTATGAGATGCCGA-1,k15
B0h1#GACTATGGTACAGCGA-1,k15
B0h1#GACTCAACATCATTGG-1,k14
B0h1#GACTCAATCTTGCGCT-1,k12
B0h1#GACTCTCAGCGCGTTC-1,k15
B0h1#GACTGATGTATCGGTT-1,k15
B0h1#GACTGATGTGCTCTTC-1,k12
B0h1#GAGAAATCACTACCGG-1,k12
B0h1#GAGACCCAGATCCAAA-1,k15
B0h1#GAGACCCTCTGCCCTA-1,k12
B0h1#GAGACTTAGCTAGAGC-1,k12
B0h1#GAGCTGCAGTTTCTTC-1,k12
B0h1#GAGGGATTCGTTGTGA-1,k15
B0h1#GAGGGTAAGGCTGGAT-1,k15
B0h1#GAGGGTATCAATCTCT-1,k15
B0h1#GAGTCATAGTAATACG-1,k15
B0h1#GAGTCTACAATTCTCT-1,k15
B0h1#GAGTGAGTCGCCGAGT-1,k14
B0h1#GAGTGTTCAGACAAGC-1,k12
B0h1#GAGTGTTTCTAACGGT-1,k15
B0h1#GAGTTACAGGTCGAGT-1,k15
B0h1#GAGTTACCAAATCAGA-1,k15
B0h1#GAGTTACCACATGGTT-1,k15
B0h1#GAGTTGTAGCCTGCCA-1,k15
B0h1#GAGTTTGAGAAGCGAA-1,k15
B0h1#GAGTTTGCAGCTGTAT-1,k15
B0h1#GATAGCTCAAAGGGTC-1,k15
B0h1#GATAGCTTCGCAATGT-1,k15
B0h1#GATCACAAGCTGGTGA-1,k12
B0h1#GATCATGTCCTCACGT-1,k14
B0h1#GATCGTACATCGCTAA-1,k12
B0h1#GATCGTATCTGGACTA-1,k14
B0h1#GATGACTCACAAATCC-1,k15
B0h1#GATGACTGTCTACAGT-1,k12
B0h1#GATGACTGTGTTCCTC-1,k15
B0h1#GATGACTTCCGTGTAA-1,k15
B0h1#GATGAGGCAATAGAGT-1,k12
B0h1#GATGAGGCATATAGCC-1,k12
B0h1#GATGATCAGATGATTG-1,k12
B0h1#GATGATCCACACAGCC-1,k12
B0h1#GATGCTACAATATCCG-1,k15
B0h1#GATGGAGGTCTTCCGT-1,k12
B0h1#GATGGAGTCCCAGGAC-1,k12
B0h1#GATTCGAAGCAACAGC-1,k15
B0h1#GATTCTTTCCTGGGAC-1,k15
B0h1#GATTGGTGTCCAGTTA-1,k12
B0h1#GATTGGTGTTTGCCGG-1,k15
B0h1#GATTGGTTCGCGGACT-1,k12
B0h1#GATTTCTAGATGGGCT-1,k15
B0h1#GATTTCTCAGAGTTGG-1,k12
B0h1#GATTTCTGTGTGACCC-1,k12
B0h1#GATTTCTTCGTCGATA-1,k15
B0h1#GCAACATCATACCGTA-1,k14
B0h1#GCAACCGAGCCTAGGA-1,k14
B0h1#GCAACCGGTTACCTTT-1,k14
B0h1#GCAACCGGTTTACCTT-1,k14
B0h1#GCACATAAGTTCCGTA-1,k15
B0h1#GCACATACAATAACGA-1,k15
B0h1#GCACATAGTAGACAAT-1,k15
B0h1#GCACATAGTTATTCCT-1,k14
B0h1#GCACGGTAGCAGCACA-1,k12
B0h1#GCACTAAAGCTTTCCC-1,k15
B0h1#GCACTAAGTCCAGCAC-1,k15
B0h1#GCAGCCAAGAGAGTGA-1,k15
B0h1#GCAGCCACAATGTGGG-1,k12
B0h1#GCAGCCATCGAACGGA-1,k15
B0h1#GCAGTTAGTATGAAGT-1,k15
B0h1#GCATCGGGTCGCTTGG-1,k12
B0h1#GCATCTCGTTAGCGGA-1,k15
B0h1#GCCAGCAAGATGAATC-1,k15
B0h1#GCCAGCACAAATGCTC-1,k15
B0h1#GCCAGCACAAGTGATA-1,k15
B0h1#GCCAGCAGTCGTGGTC-1,k14
B0h1#GCCAGGTGTACTGCCG-1,k15
B0h1#GCCAGGTGTTGGAGGT-1,k14
B0h1#GCCAGTGGTAGGTACG-1,k12
B0h1#GCCAGTGGTATTGGCT-1,k12
B0h1#GCCATGGCAGATTTCG-1,k12
B0h1#GCCATGGTCAGTGTCA-1,k15
B0h1#GCCATTCGTGTATTCG-1,k15
B0h1#GCCCAGAAGCGTCTGC-1,k14
B0h1#GCCCAGATCATAGACC-1,k15
B0h1#GCCGATGAGGTAGCAC-1,k14
B0h1#GCCGATGTCCTGTAAG-1,k15
B0h1#GCCGTGATCTCCATAT-1,k12
B0h1#GCCTGTTCACCTAAAC-1,k15
B0h1#GCCTGTTTCACGAACT-1,k12
B0h1#GCCTGTTTCGGCATCG-1,k12
B0h1#GCGAGAAAGTAGCCAG-1,k12
B0h1#GCGATCGAGTTCATCG-1,k15
B0h1#GCGATCGCAATAAGGT-1,k15
B0h1#GCGGAAACAGTAACCT-1,k12
B0h1#GCGGAAATCGAGATAA-1,k12
B0h1#GCTACCTAGTAGACAT-1,k14
B0h1#GCTACCTGTACCGTCG-1,k12
B0h1#GCTGAATCAACTGTGT-1,k12
B0h1#GCTGAATGTCCATACA-1,k15
B0h1#GCTGAATTCCAGTTCC-1,k15
B0h1#GCTGCAGAGAGGTTAT-1,k15
B0h1#GCTGCAGGTGATTCTG-1,k15
B0h1#GCTTGGGAGGCTGGAT-1,k12
B0h1#GCTTGGGAGTGCACAG-1,k12
B0h1#GCTTGGGCAATACGCT-1,k15
B0h1#GCTTGGGTCTAAACGC-1,k15
B0h1#GCTTTCGCAGGCGAAT-1,k12
B0h1#GGAACCCAGGCGTTAG-1,k12
B0h1#GGAAGTGCATCTGGGC-1,k12
B0h1#GGAATCTGTACCTAAC-1,k12
B0h1#GGACGTCCATACTTTC-1,k14
B0h1#GGAGAACCACAACGCC-1,k14
B0h1#GGAGATGTCATTTGGG-1,k12
B0h1#GGAGGATGTAATGCGG-1,k12
B0h1#GGAGGATTCTGTCGTC-1,k12
B0h1#GGAGGTAAGGAACTCG-1,k12
B0h1#GGATCTAAGTATGACA-1,k14
B0h1#GGATCTATCTCGACGG-1,k12
B0h1#GGATGTTCAGTCGAGA-1,k15
B0h1#GGCACGTAGTCGTCTA-1,k14
B0h1#GGCACGTCAGGTTCCG-1,k15
B0h1#GGCACGTTCGCCTATC-1,k12
B0h1#GGCAGTCAGGCTCTAT-1,k12
B0h1#GGCGTCAAGGCCTTCG-1,k12
B0h1#GGCGTCAGTTCCCACT-1,k15
B0h1#GGCTTTCGTGTCCATA-1,k15
B0h1#GGCTTTCTCTTCGGAA-1,k12
B0h1#GGGAAGTAGTTCCGTA-1,k12
B0h1#GGGACTCCACGGTGCT-1,k14
B0h1#GGGACTCGTCATGCAT-1,k15
B0h1#GGGAGTAAGGGAGGGT-1,k14
B0h1#GGGATCCAGGGACTGT-1,k15
B0h1#GGGCCATAGCATCTTG-1,k14
B0h1#GGGCCATGTTATGTCG-1,k15
B0h1#GGGCCATTCCTGTAAG-1,k15
B0h1#GGGCGTTCAGCATGCC-1,k14
B0h1#GGGCTCAGTGGTCTGC-1,k14
B0h1#GGGCTCAGTTTCTATC-1,k12
B0h1#GGGTAGAAGGTTACCT-1,k12
B0h1#GGGTCACAGACGCATG-1,k15
B0h1#GGGTCACGTACCCAGC-1,k12
B0h1#GGGTCTGCATTCATCT-1,k15
B0h1#GGGTCTGGTTTGGAAA-1,k12
B0h1#GGGTGAAAGACGACTG-1,k15
B0h1#GGGTGAACATTCACCC-1,k12
B0h1#GGGTTATGTCTAACGT-1,k12
B0h1#GGGTTATGTGAGCAGT-1,k12
B0h1#GGGTTATGTTGGCTAT-1,k15
B0h1#GGGTTTACAATGTTGC-1,k12
B0h1#GGGTTTAGTAGCGCCT-1,k12
B0h1#GGTAACTCACAGCTGC-1,k15
B0h1#GGTAACTCAGCATCTA-1,k15
B0h1#GGTAACTTCCAACACA-1,k12
B0h1#GGTAACTTCGTGGGAA-1,k12
B0h1#GGTAATCAGCGTGAGT-1,k15
B0h1#GGTAATCGTACCAGAG-1,k15
B0h1#GGTAATCGTTAGCTAC-1,k15
B0h1#GGTCACGAGTTAGTGA-1,k15
B0h1#GGTCTGGAGGCACTCC-1,k15
B0h1#GGTCTGGTCCTCTAGC-1,k14
B0h1#GGTGAAGGTCCTGTTC-1,k15
B0h1#GGTGAAGTCCAGCACG-1,k15
B0h1#GGTGATTGTCAACGCC-1,k15
B0h1#GGTGGCTAGGTGGCTA-1,k12
B0h1#GGTGGCTCAATTGCGT-1,k12
B0h1#GGTGGCTGTTGGGTTT-1,k15
B0h1#GGTGTCGCAAAGCTCT-1,k15
B0h1#GGTGTCGGTCGAATTC-1,k15
B0h1#GGTGTTACAGCTCATA-1,k12
B0h1#GGTTCTCTCACTGCTC-1,k15
B0h1#GTAACCATCATCTACT-1,k15
B0h1#GTAACCATCTGCGTCT-1,k15
B0h1#GTAAGTCCAGAGGAAA-1,k12
B0h1#GTAAGTCGTGTTAGCT-1,k12
B0h1#GTAAGTCGTTTACTGG-1,k15
B0h1#GTACAACCAAATCAAG-1,k15
B0h1#GTACAACCACAGCGCT-1,k12
B0h1#GTACAACCAGATCCAT-1,k15
B0h1#GTACAGTTCGTGGCTG-1,k12
B0h1#GTAGAAATCCTTCGAC-1,k12
B0h1#GTAGAGGCATTGAGGG-1,k15
B0h1#GTAGATCAGTGCCCGT-1,k15
B0h1#GTAGATCCACAACATC-1,k12
B0h1#GTAGGAGGTTACACTG-1,k12
B0h1#GTAGGTTTCCCGTGTT-1,k14
B0h1#GTATTTCGTTGTCCCT-1,k15
B0h1#GTCAAACAGTAATCCC-1,k14
B0h1#GTCACGGAGGCGAACT-1,k12
B0h1#GTCACGGCAAGCGCTC-1,k12
B0h1#GTCACGGGTAGCACGA-1,k15
B0h1#GTCACGGGTCCATCTC-1,k12
B0h1#GTCACGGTCCATCTCG-1,k14
B0h1#GTCACGGTCCCATAGA-1,k15
B0h1#GTCATCCTCACATCAG-1,k14
B0h1#GTCATGACAAATGAAC-1,k15
B0h1#GTCCCATAGACCATTC-1,k12
B0h1#GTCGCGAAGCAAGTGC-1,k15
B0h1#GTCGCGATCACGAGGA-1,k14
B0h1#GTCGTTCCAGCGCGTT-1,k15
B0h1#GTCTAGAAGTTGGCGA-1,k12
B0h1#GTCTAGATCCCGTGTT-1,k12
B0h1#GTCTTTAGTCTTAGTG-1,k14
B0h1#GTGACGCGTATCGAGG-1,k14
B0h1#GTGACGCTCTCATGGA-1,k12
B0h1#GTGAGCCGTACCGCGT-1,k15
B0h1#GTGAGCCTCTGGACCG-1,k14
B0h1#GTGAGTTAGCGCCTTG-1,k14
B0h1#GTGAGTTGTCCTTAAG-1,k14
B0h1#GTGATGTCAACCTATG-1,k12
B0h1#GTGATGTCACATGGTT-1,k14
B0h1#GTGATGTCATCTCCCA-1,k15
B0h1#GTGCACGAGACGCATG-1,k15
B0h1#GTGCACGCAGAGTGTG-1,k12
B0h1#GTGCACGGTCTCTCTG-1,k14
B0h1#GTGCACGTCCTCAGGG-1,k15
B0h1#GTGCAGCAGTCAATCC-1,k14
B0h1#GTGCGTGAGTCAGCGA-1,k12
B0h1#GTGCGTGCACGAAAGC-1,k14
B0h1#GTGCTGGGTTCCTAGA-1,k12
B0h1#GTGCTTCTCTGCTCTG-1,k15
B0h1#GTGGCGTAGCTCGAAG-1,k14
B0h1#GTGGCGTGTTAGGGTG-1,k15
B0h1#GTGGGAAGTGAAGCTG-1,k15
B0h1#GTGGTTAAGCGCACAA-1,k12
B0h1#GTGGTTAGTCCAGCCA-1,k12
B0h1#GTGGTTAGTCTGATCA-1,k15
B0h1#GTGTAACGTGCCGTTG-1,k12
B0h1#GTGTCCTCACCGTGAC-1,k12
B0h1#GTGTCCTGTCTTACTT-1,k15
B0h1#GTGTGGCGTTCGGCCA-1,k12
B0h1#GTGTTAGAGGCGATAC-1,k12
B0h1#GTGTTAGTCTGTTCAT-1,k14
B0h1#GTGTTCCAGGGAGGAC-1,k15
B0h1#GTTACAGAGATTCGCT-1,k12
B0h1#GTTAGACCAGGTATGG-1,k15
B0h1#GTTATGGAGTAACCGG-1,k15
B0h1#GTTCATTAGTCGTTAC-1,k15
B0h1#GTTCCGTCAAGAAACT-1,k15
B0h1#GTTCTATAGGACTAAT-1,k12
B0h1#GTTCTATGTGTCCGGT-1,k14
B0h1#GTTCTATTCCTACTGC-1,k14
B0h1#GTTGAACCACCAAAGG-1,k15
B0h1#GTTGCGGGTCCATACA-1,k14
B0h1#GTTGCGGTCAACGAGG-1,k15
B0h1#GTTGCTCAGGCTAACG-1,k12
B0h1#GTTGTAGGTGACACAG-1,k15
B0h1#GTTGTCCGTTCCAGGC-1,k15
B0h1#GTTGTCCTCACAGTGT-1,k15
B0h1#GTTGTCCTCTGAACGT-1,k15
B0h1#GTTGTGAGTACGCGTC-1,k12
B0h1#GTTTACTCAGGTTTAC-1,k14
B0h1#TAACACGCAATGGGTG-1,k15
B0h1#TAACACGGTGAATTGA-1,k12
B0h1#TAACACGTCGCCGAGT-1,k14
B0h1#TAACCAGCATACATCG-1,k12
B0h1#TAACCAGGTCTTCGAA-1,k15
B0h1#TAACGACAGGTTGGAC-1,k12
B0h1#TAAGCGTAGTAAGAGG-1,k14
B0h1#TAAGCGTCAAGAAATC-1,k12
B0h1#TAAGCGTCACGTCGGT-1,k15
B0h1#TAAGCGTGTCTACTGA-1,k14
B0h1#TAAGTCGAGGTCTGGA-1,k12
B0h1#TAAGTCGAGTAACAGT-1,k15
B0h1#TAAGTCGCAGCTCCTT-1,k12
B0h1#TAAGTCGTCTGAGATC-1,k12
B0h1#TAATCTCTCTCTCGAC-1,k14
B0h1#TAATTCCAGAACTTCC-1,k12
B0h1#TAATTCCCAGCGCGTT-1,k12
B0h1#TAATTCCTCGGCTTCT-1,k14
B0h1#TACAACGAGACTGTTC-1,k12
B0h1#TACAACGGTGGCACTC-1,k15
B0h1#TACACCCCAAACTCTG-1,k12
B0h1#TACATTCAGCATCCCG-1,k14
B0h1#TACATTCCAACAGCCC-1,k14
B0h1#TACCCACGTCGAGCAA-1,k12
B0h1#TACCCACTCAAGATAG-1,k15
B0h1#TACCCACTCGTCTACC-1,k14
B0h1#TACCGAACATAGAAAC-1,k12
B0h1#TACCGAACATGCCATA-1,k14
B0h1#TACCGAAGTCCAGAAG-1,k14
B0h1#TACCGAATCACATACG-1,k14
B0h1#TACCTCGAGCTAGAGC-1,k12
B0h1#TACCTCGTCGCGGTAC-1,k12
B0h1#TACGCTCAGTTCCATG-1,k14
B0h1#TACGCTCTCTTGGTGA-1,k15
B0h1#TACGGTAAGACGTCCC-1,k15
B0h1#TACGGTAAGTCTAGCT-1,k12
B0h1#TACGGTATCGTGCTCT-1,k15
B0h1#TACTGCCCAACCCTAA-1,k15
B0h1#TACTTCATCCGCTTAC-1,k12
B0h1#TACTTGTAGTACGTCT-1,k15
B0h1#TAGACTGGTATCGCGC-1,k12
B0h1#TAGCACAAGGACGCTA-1,k15
B0h1#TAGCACAGTGCGGCTT-1,k12
B0h1#TAGGAGGGTCACCTTC-1,k14
B0h1#TAGGGTTCAAATGAAC-1,k12
B0h1#TAGGTACCATGGATCT-1,k15
B0h1#TAGGTTGAGACAGTCG-1,k12
B0h1#TAGGTTGCAAATGGTA-1,k15
B0h1#TAGTGCAAGACCAAAT-1,k12
B0h1#TATATCCTCGCTAGCG-1,k15
B0h1#TATCAGGGTCGGCTAC-1,k15
B0h1#TATCAGGGTGACGCCT-1,k12
B0h1#TATCAGGTCCTCTAAT-1,k15
B0h1#TATCCTACAGAGTAAT-1,k15
B0h1#TATCCTAGTACCATAC-1,k14
B0h1#TATCCTATCGTTGTTT-1,k15
B0h1#TATCTGTCAAATGCTC-1,k15
B0h1#TATCTTGTCCATTTCA-1,k15
B0h1#TATGTTCAGAATTCAG-1,k15
B0h1#TATGTTCCAGAGAGGG-1,k15
B0h1#TATGTTCCATTCCTCG-1,k12
B0h1#TATGTTCTCTATCACT-1,k15
B0h1#TATTGGGAGACATCAA-1,k15
B0h1#TATTGGGGTATCCTTT-1,k12
B0h1#TATTGGGTCGTGGCGT-1,k12
B0h1#TATTTCGAGACGGTCA-1,k15
B0h1#TATTTCGCAGACCTGC-1,k15
B0h1#TATTTCGCATACTGTG-1,k14
B0h1#TCAAGACTCGTTGTTT-1,k12
B0h1#TCAATCTAGTTGCTCA-1,k15
B0h1#TCAATCTGTACGAGCA-1,k15
B0h1#TCAATTCAGCCTCACG-1,k15
B0h1#TCACAAGAGTGGTTCT-1,k15
B0h1#TCACACCTCGTACCTC-1,k12
B0h1#TCACATTTCGTCGACG-1,k12
B0h1#TCACGCTAGAAGCGGG-1,k12
B0h1#TCACGCTCAGCGGTCT-1,k15
B0h1#TCACGCTTCCGGCAAC-1,k15
B0h1#TCACGGGCAAAGACGC-1,k15
B0h1#TCACGGGCAGGTCCGT-1,k12
B0h1#TCACGGGTCGCACGAC-1,k15
B0h1#TCACTATTCCATCTGC-1,k15
B0h1#TCAGCAAAGACAACTA-1,k15
B0h1#TCAGCCTAGGTTTGAA-1,k12
B0h1#TCAGCCTCACTGGCCA-1,k12
B0h1#TCAGGGCAGCTAAATG-1,k14
B0h1#TCAGGGCTCATTGGTG-1,k15
B0h1#TCAGGTAAGGCGAACT-1,k12
B0h1#TCAGTCCAGTAAACAC-1,k15
B0h1#TCAGTCCTCCTCGATC-1,k12
B0h1#TCAGTTTTCTGGTGGC-1,k12
B0h1#TCATATCAGGGCAAGG-1,k12
B0h1#TCATATCGTGTCCAAT-1,k12
B0h1#TCATCATAGGCTCTCG-1,k12
B0h1#TCATCATGTTACACTG-1,k12
B0h1#TCATCATTCCACATAG-1,k14
B0h1#TCATCCGCACGCGCTA-1,k12
B0h1#TCATGCCCAGCCGTCA-1,k15
B0h1#TCATGCCGTATCTCGA-1,k14
B0h1#TCATGTTAGCACTAGG-1,k15
B0h1#TCATTACGTTGGTGTT-1,k15
B0h1#TCATTACTCCGTGGTG-1,k15
B0h1#TCATTCAAGTGCTACT-1,k15
B0h1#TCATTCACAGAGGACT-1,k12
B0h1#TCATTGTAGAGCTGCA-1,k12
B0h1#TCATTGTAGGCTAGCA-1,k12
B0h1#TCATTGTCAAGCGATG-1,k15
B0h1#TCATTGTTCACCTTGC-1,k15
B0h1#TCATTTGAGCATATGA-1,k15
B0h1#TCCACGTGTGTTAACC-1,k12
B0h1#TCCAGAACAGACCCGT-1,k15
B0h1#TCCAGAAGTGGATGAC-1,k15
B0h1#TCCAGAATCGGATAAA-1,k12
B0h1#TCCATCGTCTCGACCT-1,k12
B0h1#TCCATGCAGCTTACGT-1,k12
B0h1#TCCATGCTCGGTCGAC-1,k15
B0h1#TCCCACACAGACCTGC-1,k15
B0h1#TCCCAGTGTCACTACA-1,k15
B0h1#TCCGAAAAGCTCATAC-1,k15
B0h1#TCCGTGTCAAATTGGA-1,k12
B0h1#TCCTAATCACCAAAGG-1,k15
B0h1#TCCTAATCACCCTAGG-1,k15
B0h1#TCCTCCCAGCGGGTAT-1,k15
B0h1#TCCTCCCAGTGTTGTC-1,k12
B0h1#TCCTCCCCAGTTTCGA-1,k12
B0h1#TCCTCGAAGTCCGTCG-1,k15
B0h1#TCCTCGAGTCACCACG-1,k15
B0h1#TCCTCTTAGTAGTCCT-1,k12
B0h1#TCCTCTTTCAAACTGC-1,k15
B0h1#TCCTCTTTCCTACGGG-1,k15
B0h1#TCCTCTTTCCTAGCCT-1,k15
B0h1#TCCTGCACAGTATTCG-1,k15
B0h1#TCCTGCAGTAGGGAGG-1,k15
B0h1#TCCTGCAGTCAGATTC-1,k12
B0h1#TCCTTCTCAAGTGGTG-1,k12
B0h1#TCGAAGTTCCAATGCA-1,k14
B0h1#TCGACCTTCACCCTGT-1,k12
B0h1#TCGACGGAGCGTATAA-1,k12
B0h1#TCGACGGCAACTGTGT-1,k12
B0h1#TCGACGGGTTACGTAC-1,k15
B0h1#TCGACGGTCCGGCAAC-1,k15
B0h1#TCGATTTAGGTGCTAG-1,k15
B0h1#TCGGGACCACGACGCT-1,k15
B0h1#TCGGGCAGTACTCCGG-1,k15
B0h1#TCGGGCAGTCGCAGTC-1,k15
B0h1#TCGGGTGAGGGCATGT-1,k12
B0h1#TCGGGTGCAACTGAAA-1,k15
B0h1#TCGGGTGGTAGACACG-1,k12
B0h1#TCGGGTGGTTGCATCA-1,k15
B0h1#TCGGTCTGTTCCTAGA-1,k15
B0h1#TCGTAGAAGAATCGAT-1,k15
B0h1#TCGTAGAAGCGTATAA-1,k15
B0h1#TCGTAGATCTAGAGCT-1,k15
B0h1#TCGTAGATCTGTGCTC-1,k15
B0h1#TCGTCCATCGAGAATA-1,k15
B0h1#TCGTGCTCAACTCGAT-1,k12
B0h1#TCGTGCTCACGGGCTT-1,k12
B0h1#TCGTGCTCACTAACGT-1,k12
B0h1#TCGTGCTTCGATTCCC-1,k15
B0h1#TCGTGGGAGGATACAT-1,k15
B0h1#TCTAACTTCGGTCTGG-1,k14
B0h1#TCTACATGTTTGGAAA-1,k12
B0h1#TCTATCACATACTTTC-1,k15
B0h1#TCTATCAGTGTAAACA-1,k15
B0h1#TCTATCATCGCCTTGT-1,k12
B0h1#TCTCACGAGACCTCCG-1,k15
B0h1#TCTCAGCTCTTGATTC-1,k15
B0h1#TCTGCCAAGACTCATC-1,k14
B0h1#TCTGCCAAGTTCCGGC-1,k12
B0h1#TCTGCCAGTGGCGCTT-1,k12
B0h1#TCTTAGTCACTGGACC-1,k15
B0h1#TCTTCCTAGCAATTAG-1,k15
B0h1#TCTTCCTAGGATCATA-1,k12
B0h1#TCTTCCTGTTCAAGTC-1,k15
B0h1#TCTTGCGGTAGCTTTG-1,k14
B0h1#TCTTTGACAGTTGTCA-1,k15
B0h1#TGAATCGAGCCTCACG-1,k14
B0h1#TGAATCGAGGAGGCAG-1,k15
B0h1#TGAATCGAGTGCCTCG-1,k15
B0h1#TGAATCGGTGCCTACG-1,k12
B0h1#TGAATGCCATGTTTGG-1,k14
B0h1#TGACAGTGTAACGTTC-1,k14
B0h1#TGACCCTCAATCTCGA-1,k15
B0h1#TGACCCTTCGCACGAC-1,k12
B0h1#TGACGCGAGGGTCACA-1,k12
B0h1#TGACGCGAGTTTCGAC-1,k12
B0h1#TGAGACTTCGAACACT-1,k15
B0h1#TGAGCATGTGCCCTTT-1,k14
B0h1#TGAGCATGTTACACTG-1,k15
B0h1#TGAGCATTCTCGCGTT-1,k14
B0h1#TGAGCGCGTGAGCTCC-1,k12
B0h1#TGAGGGACACTCCACT-1,k12
B0h1#TGAGTCACACGCTGAC-1,k12
B0h1#TGAGTCATCCATTCAT-1,k15
B0h1#TGATCAGAGAGTGGCT-1,k15
B0h1#TGATCAGAGGGTACGT-1,k14
B0h1#TGATCTTAGTATGAAC-1,k14
B0h1#TGATCTTAGTCATGGG-1,k12
B0h1#TGATCTTCAGACGATG-1,k14
B0h1#TGATCTTGTATACCCA-1,k12
B0h1#TGATCTTTCTATTTCG-1,k12
B0h1#TGATGCAAGGATATAC-1,k12
B0h1#TGATGCAGTAACGCGA-1,k15
B0h1#TGATGCAGTCGGTGTC-1,k14
B0h1#TGATGGTAGTAGTCCT-1,k12
B0h1#TGATTTCGTTTACACG-1,k15
B0h1#TGCACGGCAACTGATC-1,k15
B0h1#TGCACGGCACTCACTC-1,k15
B0h1#TGCACGGTCCATTCAT-1,k15
B0h1#TGCACGGTCTCGCCTA-1,k15
B0h1#TGCAGATAGCCTCAGC-1,k12
B0h1#TGCAGATTCCCAAGCG-1,k15
B0h1#TGCAGATTCGAGAGCA-1,k12
B0h1#TGCAGGCTCCTTGGAA-1,k15
B0h1#TGCAGGCTCTACACTT-1,k14
B0h1#TGCAGGCTCTCTGAGA-1,k15
B0h1#TGCAGTAGTACCAATC-1,k12
B0h1#TGCAGTATCTCGACGG-1,k12
B0h1#TGCATCCCAAACTGCT-1,k15
B0h1#TGCATCCCATAGGTTC-1,k15
B0h1#TGCATCCTCTTCGATT-1,k12
B0h1#TGCATGAAGAAACTGT-1,k14
B0h1#TGCATGAAGGGAGGTG-1,k15
B0h1#TGCCGAGTCGGTTAGT-1,k15
B0h1#TGCGATATCAGCGCAC-1,k15
B0h1#TGCGGGTCAAACACCT-1,k15
B0h1#TGCTCCACACTGGACC-1,k15
B0h1#TGCTCCACAGAGAGGG-1,k15
B0h1#TGCTCCACATGGCGCT-1,k14
B0h1#TGCTCCAGTCCCGGTA-1,k12
B0h1#TGCTCGTCAGCTCGGT-1,k12
B0h1#TGCTCGTCAGGGACTA-1,k12
B0h1#TGCTCGTTCCGACATA-1,k12
B0h1#TGCTCGTTCGACGACC-1,k12
B0h1#TGCTGAAAGACCAACG-1,k14
B0h1#TGCTGAACAGAGAAAG-1,k14
B0h1#TGCTGAACAGAGTTGG-1,k12
B0h1#TGCTGAAGTCCAGTTA-1,k15
B0h1#TGCTTGCCAAGTGTCT-1,k15
B0h1#TGCTTGCTCATTACTC-1,k12
B0h1#TGGATCATCGAACTCA-1,k15
B0h1#TGGCGTGAGCGAGAAA-1,k12
B0h1#TGGGAGACATATGAAG-1,k15
B0h1#TGGGATTCAGGTTCAT-1,k15
B0h1#TGGGCTGGTACCAATC-1,k14
B0h1#TGGTACAAGATCCTAC-1,k15
B0h1#TGGTACAAGATGCAGC-1,k12
B0h1#TGGTAGTCATCGCCTT-1,k15
B0h1#TGGTAGTTCATCCCGT-1,k12
B0h1#TGGTAGTTCTGCAGCG-1,k15
B0h1#TGGTAGTTCTGGTCAA-1,k12
B0h1#TGGTGATCAAACCACT-1,k12
B0h1#TGGTGATTCATGTCAG-1,k14
B0h1#TGGTTAGTCTAGTCAG-1,k15
B0h1#TGTAACGAGCTAATCC-1,k12
B0h1#TGTAACGAGTTGAAAC-1,k12
B0h1#TGTACAGAGCTGAAGC-1,k15
B0h1#TGTAGACAGTTGGAGC-1,k14
B0h1#TGTCAGAAGGTCCCGT-1,k12
B0h1#TGTCAGAGTCCGGTCA-1,k14
B0h1#TGTCCACTCAACCCGG-1,k14
B0h1#TGTCCTGTCGATACTG-1,k15
B0h1#TGTGAGTCACAGTACT-1,k14
B0h1#TGTGAGTCAGACCTGC-1,k12
B0h1#TGTGATGAGTGCCAGA-1,k15
B0h1#TGTGATGCAAAGGCAC-1,k12
B0h1#TGTGGCGTCTCACGAA-1,k12
B0h1#TGTGTGATCCATACAG-1,k15
B0h1#TGTTACTGTTGGACCC-1,k14
B0h1#TGTTACTTCAACTCTT-1,k15
B0h1#TGTTCATAGAACGCGT-1,k12
B0h1#TGTTCATCACCGCTAG-1,k12
B0h1#TGTTCATGTCGCTTGG-1,k12
B0h1#TGTTCCGCAAAGAACT-1,k12
B0h1#TGTTCTAGTCATCGGC-1,k15
B0h1#TGTTGAGGTCTACACA-1,k12
B0h1#TGTTGAGTCGCATGAT-1,k15
B0h1#TGTTGGAAGAGACAAG-1,k14
B0h1#TGTTGGAAGATTGATG-1,k15
B0h1#TGTTGGAGTTGTCTAG-1,k15
B0h1#TGTTTGTAGTGAGCCA-1,k15
B0h1#TGTTTGTAGTGGTTAA-1,k12
B0h1#TTACAGGTCCAAATGC-1,k12
B0h1#TTACCATGTTGTGGAG-1,k14
B0h1#TTACCATTCCCGAATA-1,k15
B0h1#TTACCGCGTAATTGGA-1,k12
B0h1#TTACCGCTCAGAGCGA-1,k14
B0h1#TTACGCCAGCGTCGAA-1,k12
B0h1#TTACGCCTCCGATCGG-1,k15
B0h1#TTACGTTAGCTGACAG-1,k12
B0h1#TTACGTTAGGGACTGT-1,k12
B0h1#TTACTGTTCCGGTTCT-1,k15
B0h1#TTAGGCAGTCGACTGC-1,k15
B0h1#TTAGGGTAGAATCGAT-1,k15
B0h1#TTAGTCTCAAGTGTCT-1,k15
B0h1#TTATTGCAGGATCACG-1,k15
B0h1#TTATTGCGTGGACAGT-1,k12
B0h1#TTCACCGGTAGAGATT-1,k15
B0h1#TTCACGCCACAGGATG-1,k15
B0h1#TTCACGCTCAATCGGT-1,k12
B0h1#TTCAGGACATCCTTCG-1,k12
B0h1#TTCATGTAGACCATGG-1,k12
B0h1#TTCATGTCAAAGGATT-1,k12
B0h1#TTCATGTCACAATGTC-1,k15
B0h1#TTCATGTCAGCTAACT-1,k12
B0h1#TTCATTGAGAGTATAC-1,k12
B0h1#TTCATTGCATGGTACT-1,k12
B0h1#TTCCACGGTTTGGAAA-1,k12
B0h1#TTCCGTGCAAGCGGAT-1,k15
B0h1#TTCCGTGGTAGATCGG-1,k15
B0h1#TTCCGTGTCAGAGTGG-1,k12
B0h1#TTCCTTCCACATGTTG-1,k15
B0h1#TTCCTTCGTAGATGTA-1,k12
B0h1#TTCCTTCGTTGAATCC-1,k14
B0h1#TTCGCTGAGCTGCCTG-1,k15
B0h1#TTCGCTGAGGGACTGT-1,k15
B0h1#TTCGCTGGTAACGGTG-1,k12
B0h1#TTCGCTGGTCGTCAGC-1,k15
B0h1#TTCGCTGGTCTAACTG-1,k12
B0h1#TTCGGTCTCCAATGCA-1,k15
B0h1#TTCTAACAGCGGACAT-1,k15
B0h1#TTCTAACCAAGATTGA-1,k14
B0h1#TTCTAACCAGTATACC-1,k12
B0h1#TTCTAACCATCGGAGA-1,k12
B0h1#TTCTAGTCATACTGTG-1,k12
B0h1#TTCTCTCAGGATTTCC-1,k14
B0h1#TTCTGTAGTGGCTGAA-1,k12
B0h1#TTCTTCCCATCGATGT-1,k15
B0h1#TTCTTGAAGTACTCGT-1,k15
B0h1#TTCTTGACATGCAGCC-1,k14
B0h1#TTGAACGCATAAGCAA-1,k12
B0h1#TTGAACGTCAGGTGTT-1,k14
B0h1#TTGACCCTCTCATGGA-1,k12
B0h1#TTGAGTGAGAACAAGG-1,k12
B0h1#TTGCCTGAGTCCGCCA-1,k12
B0h1#TTGCCTGGTTTCTATC-1,k15
B0h1#TTGCGTCAGACTCCGC-1,k12
B0h1#TTGCTGCTCGTGCATA-1,k15
B0h1#TTGGATGCAAGCTACT-1,k12
B0h1#TTGGATGCATTAGGCT-1,k15
B0h1#TTGGATGTCGCCATAA-1,k15
B0h1#TTGGGCGCAAGCTGTT-1,k12
B0h1#TTGGTTTTCAAGATAG-1,k15
B0h1#TTGTGGAAGCTGAGCA-1,k12
B0h1#TTGTGGATCGCCTCTA-1,k15
B0h1#TTGTTCAGTTCGGCCA-1,k15
B0h1#TTGTTGTCAACTGGTT-1,k15
B0h1#TTGTTGTTCGTACCTC-1,k12
B0h1#TTGTTTGGTGGCTACC-1,k15
B0h1#TTTACCACAACCCTAA-1,k15
B0h1#TTTACCACACTACGGC-1,k15
B0h1#TTTACGTAGGTTGCCC-1,k15
B0h1#TTTACGTGTTCGGACC-1,k12
B0h1#TTTACTGGTCGAGTTT-1,k15
B0h1#TTTAGTCCAGACCAAG-1,k15
B0h1#TTTATGCGTGTCTCCT-1,k12
B0h1#TTTATGCTCTTCGGAA-1,k15
B0h1#TTTCACAGTAGGTCAG-1,k15
B0h1#TTTCAGTTCGCGCCAA-1,k15
B0h1#TTTCATGGTACCGGAA-1,k15
B0h1#TTTCATGGTCGAACGA-1,k15
B0h1#TTTCATGTCTCCAATT-1,k15
B0h1#TTTCGATGTCTGTGGC-1,k15
B0h1#TTTGACTCACGTTCGG-1,k15
B0h1#TTTGACTGTCTGATCA-1,k14
B0h1#TTTGATCGTCATGCAT-1,k15
B0h1#TTTGGAGAGATTGAGT-1,k12
B0h1#TTTGGAGTCACGGGCT-1,k12
B0h1#TTTGGTTCAGCGTTTA-1,k12
B0h1#TTTGTTGAGATAGGGA-1,k15
B0h1#TTTGTTGGTAGCTCGC-1,k12
B3h1#AAACCCACAGGGTCTC-1,k12
B3h1#AAACCCACAGTGTGCC-1,k15
B3h1#AAACCCATCCTGTTGC-1,k15
B3h1#AAACCCATCTATCGGA-1,k12
B3h1#AAAGAACCATATGAAG-1,k12
B3h1#AAAGGGCCACGACCTG-1,k12
B3h1#AAAGGTACACAGTCGC-1,k15
B3h1#AAAGTGAAGTTTGGCT-1,k12
B3h1#AAATGGAAGTTAACGA-1,k15
B3h1#AACAAAGAGAGTGGCT-1,k14
B3h1#AACAAAGCAACCGCTG-1,k14
B3h1#AACAAAGCAAGGTTGG-1,k14
B3h1#AACAAAGGTGTAAACA-1,k12
B3h1#AACAAAGTCAGGACAG-1,k12
B3h1#AACAAGAGTGACGCCT-1,k15
B3h1#AACACACTCTCCGAAA-1,k12
B3h1#AACAGGGAGAGGTATT-1,k12
B3h1#AACAGGGGTCATACCA-1,k15
B3h1#AACAGGGTCCACCCTA-1,k12
B3h1#AACCAACAGGACTATA-1,k12
B3h1#AACCAACCACAAGCCC-1,k14
B3h1#AACCATGGTACCCGAC-1,k12
B3h1#AACCATGTCTTGGAAC-1,k15
B3h1#AACCCAACACGGTCTG-1,k12
B3h1#AACCCAACACTACAGT-1,k14
B3h1#AACCCAATCGTTTACT-1,k12
B3h1#AACCTGATCAGACAAA-1,k15
B3h1#AACCTTTGTTCGAGCC-1,k15
B3h1#AACGGGAGTTGGGTTT-1,k12
B3h1#AACGTCATCTAGTGAC-1,k12
B3h1#AAGAACAAGAGTTGTA-1,k12
B3h1#AAGAACACAGACAAGC-1,k12
B3h1#AAGACAAGTGCCGGTT-1,k12
B3h1#AAGACTCTCGTGCTCT-1,k15
B3h1#AAGCCATCAGCGTGCT-1,k15
B3h1#AAGCCATGTACTCCCT-1,k15
B3h1#AAGCGAGAGCCTCTGG-1,k15
B3h1#AAGCGAGCAGAGGCTA-1,k12
B3h1#AAGCGAGGTTCTCGTC-1,k14
B3h1#AAGCGAGTCGACGTCG-1,k14
B3h1#AAGCGTTAGACGACGT-1,k15
B3h1#AAGCGTTTCGCTCATC-1,k12
B3h1#AAGTACCCAACCGATT-1,k14
B3h1#AAGTCGTTCGCCGAGT-1,k12
B3h1#AAGTTCGCATGCCATA-1,k12
B3h1#AAGTTCGGTACTGCCG-1,k12
B3h1#AAGTTCGGTAGGAGGG-1,k12
B3h1#AATCACGTCAGCTTGA-1,k12
B3h1#AATCGACAGAGTCACG-1,k14
B3h1#AATCGACTCTGTCAGA-1,k12
B3h1#AATGACCGTATGCGGA-1,k12
B3h1#AATGACCTCCACAGCG-1,k12
B3h1#AATGCCAAGTGCGACA-1,k15
B3h1#AATTCCTAGCCTAACT-1,k12
B3h1#AATTCCTAGGGTACAC-1,k14
B3h1#AATTCCTGTATGCTAC-1,k12
B3h1#AATTCCTTCGCTTACC-1,k12
B3h1#AATTTCCCAAGAGTGC-1,k15
B3h1#ACAACCACAGATCATC-1,k12
B3h1#ACAACCATCGGTTGTA-1,k14
B3h1#ACACAGTGTGGACCAA-1,k15
B3h1#ACACCAAGTAAGCAAT-1,k14
B3h1#ACACCAAGTATGCGGA-1,k12
B3h1#ACACCAATCACCATAG-1,k14
B3h1#ACACCAATCCTAGCCT-1,k12
B3h1#ACACGCGAGCACCGTC-1,k15
B3h1#ACACTGAGTGGTACAG-1,k15
B3h1#ACACTGAGTTGCTCGG-1,k12
B3h1#ACAGCCGAGCATGGGT-1,k12
B3h1#ACAGCCGAGCGTTCCG-1,k15
B3h1#ACAGCCGCATGGATCT-1,k12
B3h1#ACAGGGACAACACACT-1,k12
B3h1#ACATCCCGTGCTTCAA-1,k12
B3h1#ACATCCCTCCATTGGA-1,k15
B3h1#ACATCCCTCCCTATTA-1,k14
B3h1#ACATCGAAGAAACCCG-1,k14
B3h1#ACATCGAAGCACTAAA-1,k15
B3h1#ACATCGAGTCATCAGT-1,k12
B3h1#ACATGCAGTTAGGGAC-1,k12
B3h1#ACCAAACAGACTGGGT-1,k14
B3h1#ACCAAACAGTCATCGT-1,k12
B3h1#ACCACAAAGCATAGGC-1,k12
B3h1#ACCACAAAGGCACTAG-1,k12
B3h1#ACCCAAAAGCGACTAG-1,k14
B3h1#ACCCAAACACTCCGAG-1,k12
B3h1#ACCCTCAAGCGTGAAC-1,k12
B3h1#ACCCTCAAGCTAAGTA-1,k12
B3h1#ACCCTCAAGGAGTCTG-1,k12
B3h1#ACCCTCAGTAGTCTGT-1,k15
B3h1#ACCCTCATCCATACAG-1,k15
B3h1#ACCCTCATCGAGCTGC-1,k12
B3h1#ACCCTCATCGTCAAAC-1,k12
B3h1#ACCCTTGGTAGCTGCC-1,k15
B3h1#ACCTGAATCGAGTTGT-1,k14
B3h1#ACGATCAAGTTCCTGA-1,k15
B3h1#ACGATCAGTCTCACAA-1,k12
B3h1#ACGATCATCGCAAGAG-1,k12
B3h1#ACGATGTAGCAGATAT-1,k14
B3h1#ACGATGTGTAACAGTA-1,k12
B3h1#ACGATGTGTCATGCAT-1,k12
B3h1#ACGCACGCATCAGCGC-1,k15
B3h1#ACGGAAGTCATTGCTT-1,k14
B3h1#ACGGTCGGTCACTAGT-1,k14
B3h1#ACGTAACCATCCTCAC-1,k15
B3h1#ACGTACAAGGCGACAT-1,k12
B3h1#ACGTACACAAACTAGA-1,k15
B3h1#ACGTACATCATAAGGA-1,k15
B3h1#ACGTAGTGTGAATGAT-1,k12
B3h1#ACGTCCTAGCGTGTTT-1,k14
B3h1#ACGTCCTAGTGGACGT-1,k14
B3h1#ACGTCCTCAAAGCAAT-1,k12
B3h1#ACGTTCCCACAATGCT-1,k15
B3h1#ACTATCTGTATGCTTG-1,k14
B3h1#ACTATGGGTATCATGC-1,k12
B3h1#ACTATGGTCAGTCATG-1,k12
B3h1#ACTATTCCACGAGGTA-1,k14
B3h1#ACTCCCACATAATCGC-1,k14
B3h1#ACTGATGAGGATATGT-1,k14
B3h1#ACTGATGCAGCGCGTT-1,k15
B3h1#ACTGCAACAGGCTCTG-1,k12
B3h1#ACTGTCCTCATCACTT-1,k12
B3h1#ACTTAGGCATCCTATT-1,k15
B3h1#ACTTAGGTCTCCCATG-1,k15
B3h1#ACTTAGGTCTTCTCAA-1,k14
B3h1#ACTTATCGTCCTATAG-1,k14
B3h1#ACTTATCGTTTCACAG-1,k12
B3h1#ACTTCCGCAATCCTAG-1,k12
B3h1#ACTTCCGTCTTAGCCC-1,k12
B3h1#ACTTTCAGTAGTGGCA-1,k12
B3h1#ACTTTGTCACGACTAT-1,k15
B3h1#ACTTTGTTCATTTGGG-1,k14
B3h1#AGAAATGAGACCAAGC-1,k12
B3h1#AGAACAAAGATCCCGC-1,k15
B3h1#AGAACAACAAATGAAC-1,k12
B3h1#AGAACCTGTACAGTAA-1,k12
B3h1#AGAACCTTCACAACCA-1,k15
B3h1#AGAAGCGAGCTACTAC-1,k14
B3h1#AGAAGTAGTCTGTTAG-1,k12
B3h1#AGACACTGTCAATGGG-1,k15
B3h1#AGACAGGGTTGTGCCG-1,k12
B3h1#AGACCATAGTCCGCGT-1,k15
B3h1#AGACCCGAGCCTCACG-1,k15
B3h1#AGACCCGCAGAAGCTG-1,k15
B3h1#AGACTCAAGGTGATCG-1,k14
B3h1#AGACTCACAAGTGACG-1,k15
B3h1#AGACTCACAGAAACCG-1,k15
B3h1#AGACTCACAGTGGCTC-1,k15
B3h1#AGAGAGCCAAATAAGC-1,k12
B3h1#AGAGCCCAGAAATCCA-1,k12
B3h1#AGAGCCCAGTAATTGG-1,k14
B3h1#AGATAGAAGATGAACT-1,k14
B3h1#AGATAGACATACCACA-1,k15
B3h1#AGATCCACACTGGCGT-1,k12
B3h1#AGATCCAGTGTCCTAA-1,k15
B3h1#AGATCGTAGAGCATTA-1,k12
B3h1#AGATCGTCACTTGTCC-1,k14
B3h1#AGATCGTCATGCAGCC-1,k12
B3h1#AGATCGTTCTGGAAGG-1,k12
B3h1#AGATGCTAGTCTGCAT-1,k15
B3h1#AGATGCTCACCCAACG-1,k15
B3h1#AGATGCTTCGGTATGT-1,k12
B3h1#AGCATCAAGCTAGAGC-1,k12
B3h1#AGCATCAAGGTCTGGA-1,k14
B3h1#AGCATCAGTCGAAACG-1,k15
B3h1#AGCATCATCAGTGATC-1,k12
B3h1#AGCCAATAGTTCATGC-1,k15
B3h1#AGCCAATCAGCTAACT-1,k12
B3h1#AGCCAATTCAAGTGGG-1,k12
B3h1#AGCCACGGTCCGGCAT-1,k14
B3h1#AGCGCCACAGTCGTTA-1,k12
B3h1#AGCGCTGAGTTGGCTT-1,k14
B3h1#AGCGTATAGTAGACAT-1,k12
B3h1#AGCTTCCAGGTTGGTG-1,k12
B3h1#AGGAAATCAAACCACT-1,k15
B3h1#AGGAAATCATCCGGTG-1,k14
B3h1#AGGAAATGTTTGGGTT-1,k12
B3h1#AGGACGACATAATGAG-1,k14
B3h1#AGGACGAGTTGGGACA-1,k12
B3h1#AGGACGATCTAACACG-1,k15
B3h1#AGGAGGTAGCCACCGT-1,k15
B3h1#AGGAGGTCACATTCGA-1,k12
B3h1#AGGAGGTCATACTGAC-1,k14
B3h1#AGGAGGTGTGAGATTA-1,k12
B3h1#AGGATAAAGCGCACAA-1,k15
B3h1#AGGATCTCACATGACT-1,k12
B3h1#AGGCATTTCCGATCGG-1,k12
B3h1#AGGCTGCAGTAAGCAT-1,k12
B3h1#AGGCTGCGTGGTCTAT-1,k15
B3h1#AGGGCCTTCCGGTAAT-1,k12
B3h1#AGGGCTCGTCTTCCGT-1,k14
B3h1#AGGGCTCTCGTGCGAC-1,k15
B3h1#AGGGTCCAGGCCTGCT-1,k12
B3h1#AGGGTGACAAGCTACT-1,k12
B3h1#AGGGTGAGTTCTTGCC-1,k15
B3h1#AGGTAGGCAAGGTCAG-1,k15
B3h1#AGGTAGGCACAAATGA-1,k12
B3h1#AGGTAGGGTCATCGCG-1,k15
B3h1#AGGTCATAGTTGTACC-1,k15
B3h1#AGGTCATCAAGAGGCT-1,k12
B3h1#AGGTGTTGTGACATCT-1,k15
B3h1#AGGTTACTCGGCTGTG-1,k12
B3h1#AGGTTACTCTAGAACC-1,k14
B3h1#AGGTTGTAGGTCACAG-1,k15
B3h1#AGGTTGTCAGAACTCT-1,k14
B3h1#AGGTTGTTCCCAATAG-1,k15
B3h1#AGGTTGTTCCTTCGAC-1,k15
B3h1#AGTAACCAGAGATCGC-1,k12
B3h1#AGTACTGAGCGTATGG-1,k15
B3h1#AGTACTGGTATTCTCT-1,k14
B3h1#AGTAGTCTCACCCTGT-1,k15
B3h1#AGTCACACACGTAACT-1,k12
B3h1#AGTCATGGTCCTCCTA-1,k15
B3h1#AGTCATGGTGGCTACC-1,k12
B3h1#AGTCTCCAGATAGCAT-1,k15
B3h1#AGTCTCCCATCGGTTA-1,k12
B3h1#AGTGACTAGTGGTGGT-1,k12
B3h1#AGTGACTTCGGACGTC-1,k12
B3h1#AGTGATCGTGGAATGC-1,k12
B3h1#AGTGCCGTCGGCTTGG-1,k12
B3h1#AGTGTTGGTCCCGCAA-1,k15
B3h1#AGTTAGCGTTATTCTC-1,k14
B3h1#AGTTCCCAGACGAGCT-1,k15
B3h1#AGTTCCCAGGGAGTTC-1,k12
B3h1#AGTTCCCCATGAAGGC-1,k14
B3h1#AGTTCCCTCGCTTACC-1,k15
B3h1#ATACCTTCAATCTCGA-1,k12
B3h1#ATACTTCGTAGCTTGT-1,k15
B3h1#ATAGAGACACCTCTGT-1,k12
B3h1#ATAGGCTCAGAAGCTG-1,k12
B3h1#ATAGGCTGTTGGTGTT-1,k12
B3h1#ATAGGCTTCTAGGCAT-1,k15
B3h1#ATCACAGGTACATACC-1,k12
B3h1#ATCACAGGTTATCTTC-1,k12
B3h1#ATCACTTCAGCTTCGG-1,k15
B3h1#ATCAGGTCACCCTTAC-1,k15
B3h1#ATCATTCTCGCACGAC-1,k14
B3h1#ATCCACCGTCCTCAGG-1,k12
B3h1#ATCCCTGAGGTCTGGA-1,k12
B3h1#ATCCGTCTCGCTACGG-1,k15
B3h1#ATCCTATCATCCCACT-1,k15
B3h1#ATCCTATGTGTAAACA-1,k15
B3h1#ATCGATGAGACAACTA-1,k12
B3h1#ATCGATGAGGAAAGTG-1,k14
B3h1#ATCGATGTCCACCTCA-1,k12
B3h1#ATCGCCTAGCGCCTTG-1,k15
B3h1#ATCGCCTGTTGCACGC-1,k12
B3h1#ATCGGATAGTAGGCCA-1,k12
B3h1#ATCGGATGTTACACTG-1,k12
B3h1#ATCGGCGAGCTGCCTG-1,k15
B3h1#ATCGTAGAGCGTGCTC-1,k12
B3h1#ATCGTCCCAAGACCTT-1,k12
B3h1#ATCTCTATCGCGCTGA-1,k12
B3h1#ATCTTCAAGACTCCGC-1,k15
B3h1#ATCTTCAAGCTCGGCT-1,k12
B3h1#ATCTTCAGTTGCCATA-1,k12
B3h1#ATGAAAGCAACCTATG-1,k12
B3h1#ATGAAAGGTCAGATTC-1,k12
B3h1#ATGACCAAGAGAGGGC-1,k12
B3h1#ATGCATGCACCTGCAG-1,k14
B3h1#ATGCATGTCTTAAGGC-1,k15
B3h1#ATGCCTCAGTATGACA-1,k15
B3h1#ATGCCTCGTATCGTTG-1,k15
B3h1#ATGGAGGAGCGATGCA-1,k12
B3h1#ATGGATCAGTCGAATA-1,k15
B3h1#ATGGATCTCCTGTAAG-1,k12
B3h1#ATGGGTTAGATCGCTT-1,k15
B3h1#ATGTCCCGTTACGGAG-1,k15
B3h1#ATTACCTCAGAGCGTA-1,k15
B3h1#ATTACCTCAGGTTCGC-1,k15
B3h1#ATTACTCCAATTTCTC-1,k15
B3h1#ATTACTCGTTTAAGGA-1,k14
B3h1#ATTCACTAGCACCTGC-1,k12
B3h1#ATTCAGGCAGGTTTAC-1,k12
B3h1#ATTCAGGTCTCGACCT-1,k12
B3h1#ATTCATCCACTCCCTA-1,k15
B3h1#ATTCATCCAGGCCTGT-1,k12
B3h1#ATTCATCGTTGAGAGC-1,k12
B3h1#ATTCATCGTTTCCAAG-1,k12
B3h1#ATTCATCTCCGTTTCG-1,k12
B3h1#ATTCCATCACTGCTTC-1,k12
B3h1#ATTCCATGTGGATGAC-1,k15
B3h1#ATTCCTACATGTTCAG-1,k12
B3h1#ATTCGTTAGAGTGAAG-1,k14
B3h1#ATTCTTGGTACAAAGT-1,k14
B3h1#ATTGTTCAGGAACTAT-1,k12
B3h1#ATTGTTCGTCACTGAT-1,k12
B3h1#ATTGTTCGTCGAGCTC-1,k12
B3h1#ATTTACCTCACCCTTG-1,k14
B3h1#ATTTCTGCAGACAAGC-1,k15
B3h1#ATTTCTGTCTACTGCC-1,k12
B3h1#CAACAGTAGGCTTTCA-1,k15
B3h1#CAACAGTGTCGTCAGC-1,k12
B3h1#CAACAGTGTGTGACCC-1,k12
B3h1#CAACCAACAGGCTATT-1,k14
B3h1#CAACCAAGTCACGACC-1,k12
B3h1#CAACCAATCAGTGCGC-1,k15
B3h1#CAACCTCAGGCAGGTT-1,k14
B3h1#CAACGATCAGGTTCAT-1,k15
B3h1#CAACGGCGTTCTTAGG-1,k12
B3h1#CAAGACTAGCACCTGC-1,k12
B3h1#CAAGACTGTTAAGACA-1,k12
B3h1#CAAGCTAAGCATAGGC-1,k12
B3h1#CAAGGGATCCTAGCTC-1,k15
B3h1#CAATACGAGGACTAAT-1,k14
B3h1#CAATTTCGTGGTCCCA-1,k12
B3h1#CAATTTCTCAACGCTA-1,k12
B3h1#CAATTTCTCAGAGCGA-1,k15
B3h1#CACAACAGTCCAGCAC-1,k15
B3h1#CACAACAGTCTGTGCG-1,k12
B3h1#CACACAACAACACTAC-1,k15
B3h1#CACAGATCAAGCTGCC-1,k15
B3h1#CACAGGCCATTGGATC-1,k15
B3h1#CACATGAAGTCTGCAT-1,k12
B3h1#CACATGAGTCCAATCA-1,k12
B3h1#CACATGATCGCGGTAC-1,k12
B3h1#CACCAAATCATTACGG-1,k15
B3h1#CACCGTTAGACCACGA-1,k15
B3h1#CACCGTTAGCAATTAG-1,k15
B3h1#CACCGTTCAACTTGGT-1,k12
B3h1#CACGGGTGTTTACCTT-1,k12
B3h1#CACGGGTTCCGTATGA-1,k14
B3h1#CACGTGGGTGACAGGT-1,k14
B3h1#CACGTTCCAGACATCT-1,k14
B3h1#CACGTTCGTCTTTCTA-1,k12
B3h1#CACTAAGAGCGTGTTT-1,k15
B3h1#CACTAAGCAGGTGACA-1,k14
B3h1#CACTGAAGTGATTAGA-1,k15
B3h1#CACTGGGAGCCTTTCC-1,k15
B3h1#CACTGGGCATACATCG-1,k12
B3h1#CACTGGGGTTCCTAAG-1,k15
B3h1#CACTTCGCAAGTACCT-1,k12
B3h1#CAGAGCCTCTTGGAAC-1,k15
B3h1#CAGATACCAGGAGACT-1,k12
B3h1#CAGATCATCTAGCCTC-1,k14
B3h1#CAGCAGCGTAGCTAAA-1,k15
B3h1#CAGCCAGAGCGCCTTG-1,k15
B3h1#CAGCGTGAGTTTGTCG-1,k12
B3h1#CAGGCCAAGCTGTTAC-1,k12
B3h1#CAGGCCAAGCTTCTAG-1,k15
B3h1#CAGGCCAAGGGTACGT-1,k15
B3h1#CAGGCCAGTCGTATTG-1,k12
B3h1#CAGGGCTTCGTTCTAT-1,k12
B3h1#CAGGTATCAAACACGG-1,k15
B3h1#CAGGTATTCCAGCACG-1,k12
B3h1#CAGTGCGAGCGTTCAT-1,k15
B3h1#CAGTGCGCAGACAATA-1,k12
B3h1#CAGTTCCTCGCGTTTC-1,k12
B3h1#CATAAGCGTCCTCCTA-1,k15
B3h1#CATACAGAGCGCCCAT-1,k15
B3h1#CATACCCGTTGCAACT-1,k15
B3h1#CATCAAGAGGAAGTAG-1,k12
B3h1#CATCAAGGTCGTGATT-1,k15
B3h1#CATCCACAGGGTACGT-1,k15
B3h1#CATCCCAAGCGGTAAC-1,k12
B3h1#CATCCCAAGGGCTGAT-1,k12
B3h1#CATCCCATCATGTCTT-1,k14
B3h1#CATCCGTAGCCACCGT-1,k12
B3h1#CATCCGTCAGCTGTTA-1,k12
B3h1#CATCCGTTCGAAATCC-1,k12
B3h1#CATCCGTTCGAGCTGC-1,k12
B3h1#CATCGCTTCATACGGT-1,k12
B3h1#CATCGGGTCTACACAG-1,k14
B3h1#CATCGTCAGTCATACC-1,k12
B3h1#CATCGTCGTCCAGCGT-1,k15
B3h1#CATGAGTAGTTGCTGT-1,k12
B3h1#CATGAGTCAAGTTTGC-1,k14
B3h1#CATGCTCGTTGTGCAT-1,k12
B3h1#CATGGTACATGAATCC-1,k15
B3h1#CATTCATCAGTGTGCC-1,k12
B3h1#CATTCCGAGCAGCCCT-1,k14
B3h1#CATTCCGCAGACACAG-1,k12
B3h1#CATTCTAAGACAAGCC-1,k14
B3h1#CATTCTAGTACGAAAT-1,k15
B3h1#CATTCTAGTGCCCTTT-1,k15
B3h1#CATTGCCAGGGTACGT-1,k15
B3h1#CATTGCCTCGACCTAA-1,k15
B3h1#CCAAGCGCAGATCATC-1,k14
B3h1#CCAAGCGCAGCACACC-1,k14
B3h1#CCAAGCGTCCGTAGGC-1,k12
B3h1#CCAATGACAAGCGATG-1,k14
B3h1#CCAATGATCACCCTCA-1,k12
B3h1#CCACAAATCCAAACCA-1,k12
B3h1#CCACACTAGAGAGCAA-1,k12
B3h1#CCACACTCACCTCAGG-1,k15
B3h1#CCACGAGCAGGAGGAG-1,k12
B3h1#CCACGTTGTCTGATCA-1,k14
B3h1#CCACGTTGTGAGGATC-1,k15
B3h1#CCACGTTTCATGGATC-1,k15
B3h1#CCACGTTTCTCGCTCA-1,k15
B3h1#CCATAAGCATCTGTTT-1,k15
B3h1#CCATAAGGTGTACATC-1,k12
B3h1#CCATCACCATGAAAGT-1,k15
B3h1#CCATCACGTTTGGGTT-1,k15
B3h1#CCATCACTCTGTGCGG-1,k12
B3h1#CCCAACTCAGCAGATG-1,k15
B3h1#CCCATTGAGTGCGCTC-1,k15
B3h1#CCCATTGTCGCCACTT-1,k15
B3h1#CCCGGAAGTGGCCCAT-1,k15
B3h1#CCCGGAAGTTAGAGAT-1,k12
B3h1#CCCTAACTCGAACGCC-1,k12
B3h1#CCCTCAATCACGGGCT-1,k15
B3h1#CCCTCTCGTATGTCTG-1,k14
B3h1#CCCTTAGGTCCTGGTG-1,k15
B3h1#CCCTTAGGTCTGCAAT-1,k12
B3h1#CCCTTAGTCCAAGCAT-1,k14
B3h1#CCCTTAGTCCGGCTTT-1,k15
B3h1#CCGAACGGTCACATTG-1,k14
B3h1#CCGAACGTCTTGCAGA-1,k15
B3h1#CCGATGGAGGCACCAA-1,k12
B3h1#CCGATGGCAAGTTGGG-1,k12
B3h1#CCGATGGCATTGAAGA-1,k15
B3h1#CCGCAAGGTGCGGATA-1,k15
B3h1#CCGGTAGGTCTTGTCC-1,k15
B3h1#CCGGTGAAGGAAGTAG-1,k12
B3h1#CCGGTGACAGCTTTGA-1,k12
B3h1#CCGGTGACATGGAGAC-1,k12
B3h1#CCGTGAGGTAGCGTAG-1,k12
B3h1#CCGTTCAGTCACATTG-1,k14
B3h1#CCGTTCAGTTCCGTTC-1,k15
B3h1#CCGTTCATCATGGCCG-1,k15
B3h1#CCTAAGAAGCTTCTAG-1,k12
B3h1#CCTAAGACACACCGAC-1,k14
B3h1#CCTACGTAGTCAACAA-1,k14
B3h1#CCTATCGTCCATTGGA-1,k15
B3h1#CCTCAACAGTAAACGT-1,k15
B3h1#CCTCAACTCGGACAAG-1,k14
B3h1#CCTCACAAGAGGTCGT-1,k12
B3h1#CCTCACACAGAGGCTA-1,k12
B3h1#CCTCAGTGTTTGAACC-1,k12
B3h1#CCTCAGTTCCCTGGTT-1,k14
B3h1#CCTCATGAGACCATTC-1,k15
B3h1#CCTCATGGTAGATTAG-1,k15
B3h1#CCTCCAAAGTGTGTTC-1,k12
B3h1#CCTCCAATCTACTGCC-1,k12
B3h1#CCTCCTCAGCGACTTT-1,k14
B3h1#CCTCCTCGTTGTAGCT-1,k15
B3h1#CCTCTCCGTGCCCACA-1,k15
B3h1#CCTCTCCTCTCTCAAT-1,k12
B3h1#CCTGTTGCATCGAGCC-1,k14
B3h1#CCTTCAGAGTGTTGTC-1,k12
B3h1#CCTTCAGTCGAGATGG-1,k12
B3h1#CCTTGTGAGGTCATAA-1,k12
B3h1#CCTTGTGCAACTTCTT-1,k15
B3h1#CCTTGTGGTCTGTGAT-1,k12
B3h1#CCTTGTGGTGTCATTG-1,k12
B3h1#CCTTTGGTCGTAATGC-1,k15
B3h1#CGAAGGAGTACAGCGA-1,k15
B3h1#CGAATTGGTCACTTAG-1,k15
B3h1#CGAATTGTCCCGAATA-1,k14
B3h1#CGACAGCAGCAGGTCA-1,k15
B3h1#CGACAGCCACTTTATC-1,k15
B3h1#CGATCGGAGCGGCTCT-1,k15
B3h1#CGATCGGGTAGGTAGC-1,k15
B3h1#CGATCGGGTCAGTCGC-1,k14
B3h1#CGATGCGAGACGCAGT-1,k12
B3h1#CGATGCGCATACCACA-1,k12
B3h1#CGATGCGCATCCTTGC-1,k12
B3h1#CGATGGCAGACGCCCT-1,k14
B3h1#CGATGGCGTAGTCACT-1,k15
B3h1#CGCAGGTAGAGGTCAC-1,k12
B3h1#CGCAGGTCACAAATGA-1,k15
B3h1#CGCAGGTGTATGTGTC-1,k12
B3h1#CGCATAACACACCTAA-1,k15
B3h1#CGCATAAGTGAGAACC-1,k12
B3h1#CGCCAGAAGTGAACAT-1,k12
B3h1#CGCCAGAGTCGTACAT-1,k12
B3h1#CGCCAGATCAAGCCTA-1,k12
B3h1#CGCCAGATCCGTCCTA-1,k15
B3h1#CGCCATTAGGCACTAG-1,k15
B3h1#CGCCATTAGTTCACTG-1,k14
B3h1#CGCCATTTCTAGGCCG-1,k12
B3h1#CGCGTGAAGAGCTTTC-1,k15
B3h1#CGCGTGAAGCTCGACC-1,k14
B3h1#CGCGTGATCTCTCTAA-1,k15
B3h1#CGGACACGTCCTTGTC-1,k12
B3h1#CGGAGAACAACTGATC-1,k15
B3h1#CGGAGAATCTGTGCGG-1,k12
B3h1#CGGGACTAGCCATTTG-1,k12
B3h1#CGGGACTTCATGGAGG-1,k12
B3h1#CGGGCATCAGCTGTCG-1,k15
B3h1#CGGGTCACATGTGTCA-1,k15
B3h1#CGGGTCAGTTGGGAAC-1,k12
B3h1#CGGGTGTAGGGACTGT-1,k12
B3h1#CGGGTGTAGTCTACCA-1,k14
B3h1#CGGGTGTGTCCGGCAT-1,k12
B3h1#CGTAATGCAAGAATGT-1,k12
B3h1#CGTCAAACACCAATTG-1,k14
B3h1#CGTCAAACACTAAACC-1,k12
B3h1#CGTCAAAGTAGACGTG-1,k12
B3h1#CGTCCATAGAATGTTG-1,k12
B3h1#CGTCCATAGCGAGGAG-1,k14
B3h1#CGTGAATCATTGGATC-1,k12
B3h1#CGTGATAAGAGAGGGC-1,k12
B3h1#CGTGATAGTTCCAGGC-1,k12
B3h1#CGTGCTTAGGGTTTCT-1,k15
B3h1#CGTGCTTGTACAACGG-1,k12
B3h1#CGTGCTTGTAGTGTGG-1,k12
B3h1#CGTGCTTTCGACCAAT-1,k15
B3h1#CGTTAGAAGCCACAAG-1,k15
B3h1#CGTTCTGAGACTTAAG-1,k12
B3h1#CGTTCTGAGGTCATTC-1,k12
B3h1#CGTTGGGGTATAGGAT-1,k14
B3h1#CGTTGGGGTGACACAG-1,k15
B3h1#CGTTGGGTCAGCTAGT-1,k15
B3h1#CTAACCCAGCACTAAA-1,k12
B3h1#CTAACTTAGTCGAAAT-1,k15
B3h1#CTAACTTGTGTCTTCC-1,k14
B3h1#CTAACTTGTTGGCCTG-1,k15
B3h1#CTAACTTTCCTCAGGG-1,k14
B3h1#CTAAGTGCAGCACCCA-1,k15
B3h1#CTAAGTGGTGCTCTCT-1,k12
B3h1#CTACATTCAAGTATAG-1,k15
B3h1#CTACGGGGTCCACTTC-1,k12
B3h1#CTACTATAGACCCTTA-1,k12
B3h1#CTACTATAGGTAGACC-1,k15
B3h1#CTAGGTAAGCGCCTAC-1,k15
B3h1#CTATCCGGTATCGTAC-1,k12
B3h1#CTATCTAGTTAACAGA-1,k12
B3h1#CTATCTATCCCATAAG-1,k12
B3h1#CTCACTGCATCAGCAT-1,k12
B3h1#CTCATGCGTGTACATC-1,k12
B3h1#CTCATTATCCGGACGT-1,k15
B3h1#CTCCATGGTGTGAGCA-1,k12
B3h1#CTCCCAAAGGCATCAG-1,k14
B3h1#CTCCCTCAGCAGAAAG-1,k15
B3h1#CTCCCTCGTGGCATCC-1,k14
B3h1#CTCCGATGTGAGAGGG-1,k15
B3h1#CTCCGATTCCGAGTGC-1,k15
B3h1#CTCCTCCAGTTTGCTG-1,k15
B3h1#CTCCTCCTCCATCAGA-1,k12
B3h1#CTCCTTTCAAATGGCG-1,k15
B3h1#CTCCTTTTCTCGCTTG-1,k15
B3h1#CTCGAGGTCCTCAGAA-1,k15
B3h1#CTCTCGAGTCTAGGTT-1,k14
B3h1#CTGAATGCAGGTGAGT-1,k12
B3h1#CTGAGCGCATACCATG-1,k14
B3h1#CTGAGGCAGCATGCAG-1,k15
B3h1#CTGAGGCAGTGTCATC-1,k12
B3h1#CTGCCATGTCTACGTA-1,k12
B3h1#CTGCCTAAGATTAGAC-1,k12
B3h1#CTGCTCAAGTAGCTCT-1,k12
B3h1#CTGGACGAGACGCCCT-1,k12
B3h1#CTGGCAGGTGAGACCA-1,k15
B3h1#CTGGTCTCAACTTGCA-1,k12
B3h1#CTGGTCTTCACATTGG-1,k15
B3h1#CTGTACCTCTGAGCAT-1,k12
B3h1#CTGTAGAAGAACAGGA-1,k14
B3h1#CTGTATTAGATGATTG-1,k15
B3h1#CTGTATTAGCAAGTCG-1,k14
B3h1#CTGTCGTTCCGTAATG-1,k12
B3h1#CTGTCGTTCGAAATCC-1,k15
B3h1#CTGTGAACATTCGATG-1,k15
B3h1#CTGTGAATCGGTTGTA-1,k15
B3h1#CTTACCGCAGAACCGA-1,k12
B3h1#CTTAGGAGTCCGAAGA-1,k14
B3h1#CTTCAATTCCTTCTGG-1,k14
B3h1#CTTCCGAAGAACCCGA-1,k12
B3h1#CTTCCGAAGCGGGTAT-1,k12
B3h1#CTTCCGACAAGGTCGA-1,k12
B3h1#CTTCCGAGTGTGGTCC-1,k12
B3h1#CTTCCGATCGCAACAT-1,k15
B3h1#CTTCTAAGTCCCGGTA-1,k14
B3h1#CTTCTAAGTTGTCCCT-1,k12
B3h1#CTTGAGATCGCTACAA-1,k12
B3h1#CTTGATTTCGAGTCCG-1,k15
B3h1#CTTGATTTCTATCACT-1,k12
B3h1#CTTTCAAAGATGGTAT-1,k12
B3h1#CTTTCAACACGGAAGT-1,k15
B3h1#CTTTCGGAGCTCGGCT-1,k15
B3h1#CTTTCGGTCATAGGCT-1,k15
B3h1#GAACACTAGGCATCGA-1,k15
B3h1#GAACGTTCAATTAGGA-1,k14
B3h1#GAACGTTCATGGCGCT-1,k15
B3h1#GAACTGTCAACCCTCT-1,k12
B3h1#GAAGAATCACACGGAA-1,k12
B3h1#GAAGCCCCAATCACGT-1,k12
B3h1#GAAGCCCTCGTACCTC-1,k12
B3h1#GAAGCGAGTCACTGAT-1,k12
B3h1#GAAGGGTGTACCTTCC-1,k12
B3h1#GAAGGGTTCCTATGGA-1,k12
B3h1#GAAGTAAAGAGAACCC-1,k14
B3h1#GAATCGTAGAAGAACG-1,k15
B3h1#GAATCGTGTGTCTTAG-1,k12
B3h1#GACACGCAGACTGAGC-1,k12
B3h1#GACACGCCAGGTGACA-1,k12
B3h1#GACAGCCAGTCAGCCC-1,k15
B3h1#GACATCATCAATGTCG-1,k12
B3h1#GACCAATAGTGATGGC-1,k14
B3h1#GACCAATCAATGCAGG-1,k14
B3h1#GACCGTGGTCCAGCAC-1,k12
B3h1#GACCGTGGTCGGATTT-1,k15
B3h1#GACCGTGTCTACAGGT-1,k15
B3h1#GACCTTCTCTTCCGTG-1,k15
B3h1#GACGCTGAGGACTTCT-1,k12
B3h1#GACGCTGGTGGACTAG-1,k12
B3h1#GACGCTGTCCACATAG-1,k12
B3h1#GACGTTACACGGATCC-1,k12
B3h1#GACGTTATCGAGAGCA-1,k14
B3h1#GACGTTATCGTGCATA-1,k12
B3h1#GACGTTATCTCACGAA-1,k15
B3h1#GACTATGAGAGTTGCG-1,k12
B3h1#GACTATGAGTAAGCAT-1,k14
B3h1#GACTATGGTCTGGTTA-1,k12
B3h1#GACTGATCAATCTGCA-1,k12
B3h1#GACTGATGTCAACACT-1,k12
B3h1#GACTTCCGTTAGGACG-1,k12
B3h1#GAGAAATAGGCGTTAG-1,k14
B3h1#GAGACCCCAGAGTAAT-1,k14
B3h1#GAGAGGTGTGTTAACC-1,k15
B3h1#GAGATGGCAGCTGGTC-1,k12
B3h1#GAGATGGTCACGTCCT-1,k12
B3h1#GAGCTGCCAACGCATT-1,k15
B3h1#GAGGCAAAGTCCTACA-1,k14
B3h1#GAGGGATAGGTGTGAC-1,k12
B3h1#GAGGGTATCACCTTAT-1,k15
B3h1#GAGGGTATCGGCATCG-1,k14
B3h1#GAGTCATAGTATGTAG-1,k12
B3h1#GAGTCATAGTTGTAGA-1,k14
B3h1#GAGTCATGTTCCAGGC-1,k12
B3h1#GAGTCTAAGATGAATC-1,k12
B3h1#GAGTGAGTCTGGAGAG-1,k15
B3h1#GAGTTACAGATGTAGT-1,k14
B3h1#GAGTTACAGATTGATG-1,k14
B3h1#GAGTTACAGGAGGCAG-1,k12
B3h1#GAGTTACCAACCGTAT-1,k12
B3h1#GAGTTACCAGTTAAAG-1,k12
B3h1#GAGTTACGTCATGCAT-1,k12
B3h1#GAGTTGTCATGGAAGC-1,k14
B3h1#GAGTTGTGTGGAGAAA-1,k15
B3h1#GATAGAAGTGCCTAAT-1,k12
B3h1#GATAGCTGTCCTGTTC-1,k12
B3h1#GATCACAGTATCGAGG-1,k12
B3h1#GATCCCTAGTGTACAA-1,k12
B3h1#GATGACTCACGTGAGA-1,k15
B3h1#GATGAGGAGGATACCG-1,k12
B3h1#GATGAGGCAAGCTGCC-1,k12
B3h1#GATGCTAAGATACTGA-1,k12
B3h1#GATGCTAGTCATAACC-1,k12
B3h1#GATGGAGTCATTTCGT-1,k12
B3h1#GATTCGACAGCAGACA-1,k12
B3h1#GATTCGAGTCAAAGCG-1,k15
B3h1#GATTCTTGTCATTGCA-1,k14
B3h1#GATTGGTAGAGCTTTC-1,k12
B3h1#GATTTCTAGACGGATC-1,k14
B3h1#GATTTCTAGATGGCAC-1,k15
B3h1#GATTTCTGTTGTCATG-1,k12
B3h1#GCAACATAGTGTAGAT-1,k12
B3h1#GCACGGTAGAATCGTA-1,k12
B3h1#GCACGGTGTAGGATAT-1,k12
B3h1#GCACGTGGTGAGCTCC-1,k14
B3h1#GCACTAACAGAACATA-1,k12
B3h1#GCAGCTGAGTTTGTCG-1,k14
B3h1#GCAGCTGCAATTAGGA-1,k14
B3h1#GCAGTTATCGTCAGAT-1,k12
B3h1#GCAGTTATCGTTAGAC-1,k15
B3h1#GCATCGGCACTACGGC-1,k14
B3h1#GCATCTCAGAGAATCT-1,k12
B3h1#GCATCTCAGCTGACAG-1,k12
B3h1#GCATCTCGTGCACGCT-1,k12
B3h1#GCATGATCAAGGGTCA-1,k15
B3h1#GCATTAGCAAGCACAG-1,k12
B3h1#GCATTAGGTTGTCAGT-1,k12
B3h1#GCCAACGAGAGCCTGA-1,k12
B3h1#GCCAACGAGCTCACTA-1,k14
B3h1#GCCAACGTCAAAGACA-1,k12
B3h1#GCCAGGTTCAGACCGC-1,k15
B3h1#GCCAGTGCACCGAATT-1,k12
B3h1#GCCATTCCAAATCAAG-1,k14
B3h1#GCCCAGATCCACATAG-1,k12
B3h1#GCCCAGATCCAGTGCG-1,k12
B3h1#GCCCGAAAGGTCGACA-1,k14
B3h1#GCCCGAAAGTAAACAC-1,k12
B3h1#GCCGTGATCCACCTCA-1,k12
B3h1#GCCTGTTTCCGTTGGG-1,k15
B3h1#GCGAGAAAGCCTGGAA-1,k12
B3h1#GCGGAAACAAGCGCTC-1,k12
B3h1#GCGTGCAAGCGTTCCG-1,k12
B3h1#GCTACAAAGTTGGAGC-1,k15
B3h1#GCTACAATCCATTCGC-1,k14
B3h1#GCTACCTCAGTCGAGA-1,k14
B3h1#GCTGCAGGTCGAGTGA-1,k15
B3h1#GCTGGGTAGTCGGGAT-1,k12
B3h1#GCTGGGTCAAATCCCA-1,k12
B3h1#GCTGGGTCATATTCGG-1,k14
B3h1#GCTGGGTGTCTACTGA-1,k15
B3h1#GCTGGGTTCGTAACAC-1,k15
B3h1#GCTTGGGGTATTAAGG-1,k14
B3h1#GCTTGGGGTCTGTCAA-1,k12
B3h1#GCTTGGGTCCGCATAA-1,k15
B3h1#GGAACCCGTCTATGAC-1,k12
B3h1#GGAACCCTCATATGGC-1,k14
B3h1#GGAAGTGCATCTAACG-1,k15
B3h1#GGAATGGAGCTCGCAC-1,k12
B3h1#GGAATGGCATCCCGTT-1,k12
B3h1#GGAATGGTCTTTCGAT-1,k12
B3h1#GGACGTCCATGACTAC-1,k14
B3h1#GGACGTCTCGTGTGAT-1,k12
B3h1#GGAGAACAGGCTCCCA-1,k14
B3h1#GGAGAACCAAGTAGTA-1,k15
B3h1#GGAGATGGTCATCGCG-1,k15
B3h1#GGAGCAAAGCATGAAT-1,k12
B3h1#GGAGGATCACGGGTAA-1,k12
B3h1#GGAGGTATCTAGTGTG-1,k12
B3h1#GGATCTAAGGTTGAGC-1,k15
B3h1#GGATGTTAGGTCTGGA-1,k12
B3h1#GGATGTTCAAGGTACG-1,k12
B3h1#GGCACGTAGGAACGCT-1,k15
B3h1#GGCAGTCGTTTGGAGG-1,k15
B3h1#GGCTTTCAGCCTGAAG-1,k12
B3h1#GGGAAGTGTGTCACAT-1,k15
B3h1#GGGACAACACAAGGTG-1,k12
B3h1#GGGACAATCTCGCAGG-1,k15
B3h1#GGGACTCCATTGAGGG-1,k15
B3h1#GGGACTCTCCATTTAC-1,k12
B3h1#GGGACTCTCTTACCGC-1,k12
B3h1#GGGAGATAGACTTCAC-1,k12
B3h1#GGGAGATCAGTGACCC-1,k14
B3h1#GGGAGTAAGAGCCATG-1,k12
B3h1#GGGATGACATGTGTCA-1,k12
B3h1#GGGCGTTCAAAGGCTG-1,k15
B3h1#GGGCGTTGTACAAGTA-1,k12
B3h1#GGGCTACCACAGTCAT-1,k15
B3h1#GGGCTACCATGCCGGT-1,k15
B3h1#GGGCTACGTGCATTTG-1,k15
B3h1#GGGCTACTCGTCCTCA-1,k15
B3h1#GGGCTCAGTCAAGGCA-1,k15
B3h1#GGGTAGAAGTCAGAGC-1,k12
B3h1#GGGTAGAGTCAGACTT-1,k15
B3h1#GGGTAGATCGCATAGT-1,k14
B3h1#GGGTAGATCTCGCAGG-1,k15
B3h1#GGGTATTAGGTCGAGT-1,k12
B3h1#GGGTCACTCCATCTGC-1,k12
B3h1#GGGTCTGCAGCAGATG-1,k15
B3h1#GGGTCTGTCTTTCAGT-1,k12
B3h1#GGGTGTCTCGGTCATA-1,k15
B3h1#GGGTTATAGATGAACT-1,k12
B3h1#GGGTTTAAGGTCTGGA-1,k12
B3h1#GGGTTTAGTACCCGAC-1,k12
B3h1#GGTAATCAGACATAAC-1,k15
B3h1#GGTAATCAGAGCATCG-1,k12
B3h1#GGTAATCAGGCTAGCA-1,k12
B3h1#GGTAGAGTCTTACCGC-1,k12
B3h1#GGTCACGGTGATTGGG-1,k15
B3h1#GGTCTGGGTATCCCTC-1,k12
B3h1#GGTGGCTAGCCGCTTG-1,k12
B3h1#GGTGGCTTCGCGTGAC-1,k12
B3h1#GGTGTCGCACGGGTAA-1,k15
B3h1#GGTTAACAGGCTGGAT-1,k15
B3h1#GGTTAACCAAAGCAAT-1,k12
B3h1#GGTTCTCCAGCAGGAT-1,k15
B3h1#GGTTGTAGTGTCCTAA-1,k12
B3h1#GTAACACCAGAAATCA-1,k15
B3h1#GTAACACCATCATCTT-1,k14
B3h1#GTAACACTCCATTGCC-1,k12
B3h1#GTAGAAAAGGGTACGT-1,k12
B3h1#GTAGAAACATGACGTT-1,k12
B3h1#GTAGAAAGTAACATAG-1,k15
B3h1#GTAGATCGTTTGTTGG-1,k12
B3h1#GTAGGAGAGAGTGAAG-1,k15
B3h1#GTAGGAGGTTATAGAG-1,k12
B3h1#GTAGGAGTCCATGCAA-1,k12
B3h1#GTAGGTTCAAGACAAT-1,k12
B3h1#GTAGTACGTTCGCGTG-1,k14
B3h1#GTCACGGGTACTCGAT-1,k15
B3h1#GTCAGCGTCCTGCCAT-1,k15
B3h1#GTCATCCAGTCTAACC-1,k15
B3h1#GTCATGAGTTCGGTTA-1,k14
B3h1#GTCCACTAGCTTAGTC-1,k14
B3h1#GTCCACTTCAGCACCG-1,k15
B3h1#GTCCACTTCGAGAAAT-1,k12
B3h1#GTCCCATGTAGGGTAC-1,k15
B3h1#GTCCCATGTGGATCAG-1,k12
B3h1#GTCCTCAAGTCGGGAT-1,k12
B3h1#GTCCTCACACTTCCTG-1,k12
B3h1#GTCGAATGTCGAGATG-1,k12
B3h1#GTCGCGAAGCGAATGC-1,k14
B3h1#GTCGCGAAGGCGATAC-1,k12
B3h1#GTCGCGAGTACGCTTA-1,k12
B3h1#GTCGTAAAGTCTACCA-1,k14
B3h1#GTCTAGAGTACCAATC-1,k14
B3h1#GTCTCACAGCGGGTAT-1,k15
B3h1#GTCTCACGTCGCAGTC-1,k15
B3h1#GTCTGTCCACATACGT-1,k15
B3h1#GTCTTTAAGAAATGGG-1,k12
B3h1#GTCTTTAAGCCACCGT-1,k12
B3h1#GTCTTTATCCCATTCG-1,k12
B3h1#GTGACGCGTGATAGTA-1,k15
B3h1#GTGAGCCGTCACCGAC-1,k15
B3h1#GTGAGCCGTCGCCACA-1,k12
B3h1#GTGAGTTAGGAGATAG-1,k12
B3h1#GTGAGTTAGGTTCCGC-1,k15
B3h1#GTGAGTTCATATGCGT-1,k15
B3h1#GTGCACGGTGAGTGAC-1,k15
B3h1#GTGCACGGTGTCTTAG-1,k14
B3h1#GTGCAGCAGTCGAGGT-1,k14
B3h1#GTGCAGCTCGACGTCG-1,k12
B3h1#GTGCGTGAGGTCGTCC-1,k15
B3h1#GTGCTGGGTGCAACGA-1,k12
B3h1#GTGGAAGGTTAAACAG-1,k12
B3h1#GTGGCGTAGGAATTAC-1,k12
B3h1#GTGGCGTTCGAGCCAC-1,k12
B3h1#GTGGGAAAGGTACTGG-1,k15
B3h1#GTGGGAATCCGATAGT-1,k12
B3h1#GTGGTTAAGATTGTGA-1,k15
B3h1#GTGTAACCACCAGTAT-1,k14
B3h1#GTGTGATAGCAAGGAA-1,k14
B3h1#GTGTGATGTATCAGCT-1,k12
B3h1#GTGTGATGTCACAGTT-1,k12
B3h1#GTGTGATTCTGGACCG-1,k12
B3h1#GTGTTAGAGTATGAAC-1,k15
B3h1#GTGTTCCAGTGTACCT-1,k12
B3h1#GTGTTCCTCCGCCTAT-1,k15
B3h1#GTTACCCAGAAACACT-1,k15
B3h1#GTTACCCAGCAACTTC-1,k12
B3h1#GTTAGACAGAAGTCTA-1,k14
B3h1#GTTAGACCACCAGCGT-1,k14
B3h1#GTTAGACTCGTCCTTG-1,k15
B3h1#GTTAGTGGTTTCACAG-1,k12
B3h1#GTTATGGCAAGGTCGA-1,k14
B3h1#GTTATGGGTCTAGGTT-1,k15
B3h1#GTTCATTGTCATGACT-1,k12
B3h1#GTTCGCTCATCTGGGC-1,k12
B3h1#GTTGAACTCGCTGACG-1,k12
B3h1#GTTGCGGCATTAGGCT-1,k12
B3h1#GTTGCGGTCAACCGAT-1,k14
B3h1#GTTGTAGTCAGCTTGA-1,k12
B3h1#GTTGTCCCAACTCATG-1,k12
B3h1#GTTGTCCTCGAATGCT-1,k15
B3h1#GTTGTGACATGATCTG-1,k15
B3h1#GTTTGGACACACGTGC-1,k12
B3h1#GTTTGGACACGTCGTG-1,k15
B3h1#GTTTGGACACTACACA-1,k12
B3h1#TAACACGCAACCAGAG-1,k14
B3h1#TAACGACCACCTATCC-1,k14
B3h1#TAACGACCACGCCACA-1,k15
B3h1#TAACTTCTCACCGGTG-1,k12
B3h1#TAACTTCTCCACTAGA-1,k15
B3h1#TAAGCCAAGTTGAATG-1,k15
B3h1#TAAGCCAGTAGCACGA-1,k14
B3h1#TAAGCGTGTCGATTCA-1,k15
B3h1#TAAGTCGCATCATTGG-1,k14
B3h1#TAATCTCGTATCGCGC-1,k15
B3h1#TAATCTCGTTTACGAC-1,k15
B3h1#TAATCTCTCGAGATAA-1,k12
B3h1#TAATTCCGTTTCCAAG-1,k12
B3h1#TACAACGAGTGATGGC-1,k12
B3h1#TACAACGGTCTCCTGT-1,k12
B3h1#TACACCCTCTTTGATC-1,k15
B3h1#TACAGGTAGCCTGACC-1,k12
B3h1#TACAGGTAGGTGCTAG-1,k12
B3h1#TACATTCCATCCTTCG-1,k15
B3h1#TACATTCGTCCTGGGT-1,k14
B3h1#TACATTCTCATTGAGC-1,k15
B3h1#TACATTCTCTTGGTGA-1,k15
B3h1#TACCCACCAAGACGGT-1,k15
B3h1#TACCCACCATATTCGG-1,k15
B3h1#TACCCGTGTCTTAGTG-1,k14
B3h1#TACCCGTTCGTGGGTC-1,k12
B3h1#TACCGAATCGCTTGCT-1,k12
B3h1#TACCTCGCATGCCGAC-1,k14
B3h1#TACGCTCCAGGTGGAT-1,k12
B3h1#TACGGGCCACTGAGTT-1,k15
B3h1#TACGGTAAGATAGCAT-1,k14
B3h1#TACGTCCGTCTCCCTA-1,k15
B3h1#TACTTACAGACATAGT-1,k12
B3h1#TACTTACCAGCGTACC-1,k15
B3h1#TAGACCATCCCTTGTG-1,k12
B3h1#TAGACCATCTATCACT-1,k12
B3h1#TAGACTGCAACAGCCC-1,k15
B3h1#TAGACTGTCTCGGTCT-1,k14
B3h1#TAGAGTCAGGAGAGGC-1,k12
B3h1#TAGAGTCAGGGCATGT-1,k12
B3h1#TAGAGTCGTTAGAAGT-1,k12
B3h1#TAGAGTCTCGAAGCCC-1,k12
B3h1#TAGATCGAGGTTATAG-1,k15
B3h1#TAGATCGAGTAGGAAG-1,k15
B3h1#TAGATCGCAGCTGGTC-1,k12
B3h1#TAGGTACGTCCTATAG-1,k15
B3h1#TAGGTTGCAGTCGAGA-1,k12
B3h1#TAGTGCAAGGGAGGCA-1,k12
B3h1#TAGTGCACATCTTCGC-1,k15
B3h1#TAGTGCAGTATGGTAA-1,k15
B3h1#TATCGCCAGCGCCTTG-1,k12
B3h1#TATCTGTAGGTACCTT-1,k12
B3h1#TATCTGTTCTGGCCAG-1,k12
B3h1#TATGTTCCAAACTAAG-1,k14
B3h1#TATGTTCGTAATCAGA-1,k15
B3h1#TATGTTCTCAGAGCGA-1,k15
B3h1#TATTTCGTCACAGAGG-1,k12
B3h1#TCAAGCAAGAGCCATG-1,k12
B3h1#TCAAGCACAACGACTT-1,k14
B3h1#TCAAGTGCAGCGCGTT-1,k15
B3h1#TCAATCTCAGTAACCT-1,k12
B3h1#TCAATTCAGGATCATA-1,k12
B3h1#TCAATTCCACACCGAC-1,k15
B3h1#TCAATTCCATTAGGCT-1,k12
B3h1#TCACACCGTTGTTGAC-1,k12
B3h1#TCACACCTCGGATAAA-1,k14
B3h1#TCACATTGTTTATGCG-1,k15
B3h1#TCACGGGTCCTAGCGG-1,k15
B3h1#TCACGGGTCTCAGTCC-1,k12
B3h1#TCACTATGTTCGCGTG-1,k15
B3h1#TCAGCAAAGAGCAACC-1,k12
B3h1#TCAGCCTCACCAGCCA-1,k12
B3h1#TCAGCCTCAGTCGGAA-1,k12
B3h1#TCAGCCTGTAACGATA-1,k12
B3h1#TCAGCCTGTGCTGTCG-1,k15
B3h1#TCAGCCTTCTCAGAAC-1,k12
B3h1#TCAGGTACATTAAAGG-1,k12
B3h1#TCAGGTATCAAAGCCT-1,k14
B3h1#TCAGTCCGTACGTGAG-1,k12
B3h1#TCAGTCCTCCGTGTAA-1,k14
B3h1#TCAGTGAAGCGTGCCT-1,k12
B3h1#TCAGTGACATGGGAAC-1,k15
B3h1#TCAGTTTCAGTTGTTG-1,k12
B3h1#TCAGTTTTCTAGACAC-1,k12
B3h1#TCATACTAGACGGTCA-1,k12
B3h1#TCATACTGTGTCTTAG-1,k15
B3h1#TCATCATGTAGTCACT-1,k12
B3h1#TCATCCGAGAGCGACT-1,k15
B3h1#TCATCCGGTCCCTGTT-1,k14
B3h1#TCATGAGAGAGTCTTC-1,k15
B3h1#TCATGAGCAGACGATG-1,k15
B3h1#TCATGAGGTATGAGCG-1,k12
B3h1#TCATGAGGTCGCTCGA-1,k12
B3h1#TCATGAGGTTGACTAC-1,k15
B3h1#TCATGCCGTAGCGCTC-1,k15
B3h1#TCATGGAAGGCGTCCT-1,k14
B3h1#TCATGGATCCGTGGGT-1,k15
B3h1#TCATGTTAGGGCCAAT-1,k15
B3h1#TCATGTTAGTGATGGC-1,k14
B3h1#TCATTACGTCCTGTCT-1,k12
B3h1#TCATTCAGTCACTGAT-1,k15
B3h1#TCATTGTCAGTCGCTG-1,k12
B3h1#TCATTGTGTTTCTTAC-1,k15
B3h1#TCATTTGCAGGACGAT-1,k15
B3h1#TCATTTGCAGGACTTT-1,k12
B3h1#TCCACCATCCAGGACC-1,k12
B3h1#TCCACGTTCGCCTCTA-1,k14
B3h1#TCCAGAAGTCTACAGT-1,k12
B3h1#TCCATGCCATGGAGAC-1,k12
B3h1#TCCATGCGTTCTAAGC-1,k15
B3h1#TCCCAGTAGTAACGTA-1,k15
B3h1#TCCGATCCACACGGTC-1,k15
B3h1#TCCTAATGTGCATCTA-1,k12
B3h1#TCCTAATTCCGATGTA-1,k12
B3h1#TCCTCCCTCGAACCAT-1,k14
B3h1#TCCTCGACACTGTGAT-1,k12
B3h1#TCCTCGACATCATCTT-1,k12
B3h1#TCCTTCTAGCATCCTA-1,k14
B3h1#TCCTTCTCAAAGGGTC-1,k12
B3h1#TCCTTCTCACGTGAGA-1,k15
B3h1#TCCTTCTGTTAGCGGA-1,k12
B3h1#TCGAACACAAGTCCAT-1,k12
B3h1#TCGAAGTGTATCACGT-1,k15
B3h1#TCGACCTGTACTGTTG-1,k12
B3h1#TCGACCTGTTCCAGGC-1,k14
B3h1#TCGACGGAGGCACTCC-1,k12
B3h1#TCGACGGCAAAGCTCT-1,k12
B3h1#TCGACGGTCCCTTGTG-1,k12
B3h1#TCGATTTGTACCGTCG-1,k15
B3h1#TCGATTTGTTGGACCC-1,k15
B3h1#TCGCACTAGTTAGTGA-1,k12
B3h1#TCGCAGGGTACAGAGC-1,k12
B3h1#TCGCTCATCATTACTC-1,k12
B3h1#TCGCTTGAGGGTATAT-1,k15
B3h1#TCGCTTGCAATCGAAA-1,k15
B3h1#TCGGATAAGTACTCGT-1,k15
B3h1#TCGGGACCATACAGCT-1,k15
B3h1#TCGGGTGGTTGAGTCT-1,k15
B3h1#TCGGTCTCAGCGACAA-1,k15
B3h1#TCGTCCAAGAATTTGG-1,k12
B3h1#TCGTCCATCAGCTCTC-1,k15
B3h1#TCGTCCATCTAACGGT-1,k14
B3h1#TCGTGCTCACTACAGT-1,k12
B3h1#TCGTGCTGTACTGAGG-1,k12
B3h1#TCGTGCTTCATTATCC-1,k12
B3h1#TCTACATAGATAGGGA-1,k15
B3h1#TCTACATCAAGTATCC-1,k12
B3h1#TCTACATTCGCTCTAC-1,k12
B3h1#TCTACCGGTTCGTACA-1,k12
B3h1#TCTACCGTCCGTCAAA-1,k14
B3h1#TCTATCACAGCGTATT-1,k12
B3h1#TCTATCATCAGTGATC-1,k15
B3h1#TCTCACGAGAAGGATG-1,k12
B3h1#TCTCACGAGTCTCCTC-1,k14
B3h1#TCTCACGTCGGTGAAG-1,k12
B3h1#TCTCCGAAGTCGCCAC-1,k14
B3h1#TCTCTGGTCCGCTGTT-1,k15
B3h1#TCTGGCTAGCAGCGAT-1,k14
B3h1#TCTGGCTTCGACGCGT-1,k15
B3h1#TCTTAGTCATGGCGCT-1,k15
B3h1#TCTTCCTAGTAGACCG-1,k14
B3h1#TCTTCCTGTTTACTTC-1,k15
B3h1#TCTTCCTTCTCGACGG-1,k12
B3h1#TCTTGCGTCACCTCGT-1,k15
B3h1#TCTTTGATCGTCCTCA-1,k15
B3h1#TGAATCGCATCAGCAT-1,k14
B3h1#TGAATCGCATCCGAAT-1,k14
B3h1#TGAATCGTCGACCAAT-1,k12
B3h1#TGAATGCAGACTACGG-1,k15
B3h1#TGAATGCTCTCGCGTT-1,k12
B3h1#TGACAGTAGACCTCAT-1,k15
B3h1#TGACAGTCACTGCACG-1,k15
B3h1#TGACAGTTCTCACTCG-1,k12
B3h1#TGACCCTGTCGGAAAC-1,k12
B3h1#TGACGCGCATGGGAAC-1,k14
B3h1#TGACGCGTCGCACTCT-1,k12
B3h1#TGACTCCCATTGTAGC-1,k12
B3h1#TGACTCCGTAATCAAG-1,k12
B3h1#TGAGACTCAATTTCCT-1,k14
B3h1#TGAGCATGTGTGCCTG-1,k15
B3h1#TGAGCATTCGTTCGCT-1,k15
B3h1#TGAGCGCCAGGCTTGC-1,k12
B3h1#TGAGCGCTCCCTTTGG-1,k12
B3h1#TGAGGAGAGTTCAACC-1,k14
B3h1#TGAGGAGCAACGGCTC-1,k12
B3h1#TGAGGAGCATAAGCAA-1,k12
B3h1#TGAGGTTAGCTAGTTC-1,k12
B3h1#TGAGGTTGTGCGGATA-1,k14
B3h1#TGAGTCAAGATCGCCC-1,k12
B3h1#TGATCTTGTACACGTT-1,k12
B3h1#TGATCTTTCGGAATGG-1,k14
B3h1#TGATTCTTCTCTATGT-1,k12
B3h1#TGATTTCTCTACTGCC-1,k14
B3h1#TGCAGATGTAATGCGG-1,k15
B3h1#TGCAGGCAGGATCATA-1,k12
B3h1#TGCAGTAGTCTCTCTG-1,k15
B3h1#TGCAGTAGTGCATTAC-1,k15
B3h1#TGCCGAGAGATCCTAC-1,k12
B3h1#TGCCGAGCAACAAGAT-1,k12
B3h1#TGCCGAGGTCAAATCC-1,k12
B3h1#TGCCGAGTCATGCATG-1,k15
B3h1#TGCGATAGTTAAGGGC-1,k12
B3h1#TGCGATATCTGGCCGA-1,k12
B3h1#TGCGGCAAGGAGACCT-1,k15
B3h1#TGCGGCAAGTGTGTTC-1,k12
B3h1#TGCGGCACACTTCAAG-1,k15
B3h1#TGCGGCAGTTTAGAGA-1,k12
B3h1#TGCGGGTTCGGTCACG-1,k14
B3h1#TGCTCCACATACGCAT-1,k12
B3h1#TGCTCCAGTTGCATTG-1,k12
B3h1#TGCTCGTAGCACCGAA-1,k15
B3h1#TGCTGAAGTAGATTAG-1,k14
B3h1#TGCTGAAGTGCTCGTG-1,k14
B3h1#TGCTTCGGTGGTCTGC-1,k15
B3h1#TGGAACTAGGACCCAA-1,k12
B3h1#TGGAGAGAGCAACTTC-1,k14
B3h1#TGGAGAGTCCGCCTAT-1,k12
B3h1#TGGAGGAAGCCTTTGA-1,k12
B3h1#TGGAGGAAGGCAGTCA-1,k12
B3h1#TGGAGGAGTGGTTTAC-1,k12
B3h1#TGGATCAGTCCGGCAT-1,k15
B3h1#TGGCGTGAGCTAAATG-1,k12
B3h1#TGGGAAGCAGGTGTGA-1,k12
B3h1#TGGGAAGCATGCCGAC-1,k14
B3h1#TGGGCGTAGGCAATGC-1,k12
B3h1#TGGGCGTGTCGCGGTT-1,k14
B3h1#TGGGCGTGTGTGATGG-1,k12
B3h1#TGGGCTGAGCACGATG-1,k12
B3h1#TGGGCTGGTGGCTGAA-1,k12
B3h1#TGGGCTGTCATGCGGC-1,k15
B3h1#TGGGTTATCGTTAGAC-1,k15
B3h1#TGGTACAAGAATTTGG-1,k12
B3h1#TGGTACACATCAGTGT-1,k14
B3h1#TGGTAGTCATGACTGT-1,k14
B3h1#TGGTAGTGTCATTCCC-1,k12
B3h1#TGGTAGTGTGCGGTAA-1,k12
B3h1#TGGTGATCATCGTGGC-1,k12
B3h1#TGGTGATTCGAGATGG-1,k12
B3h1#TGGTTAGCAGATACCT-1,k14
B3h1#TGGTTAGTCTTCACGC-1,k12
B3h1#TGTAACGAGTAACCTC-1,k15
B3h1#TGTAACGTCCTTACCG-1,k12
B3h1#TGTAACGTCTTCCACG-1,k15
B3h1#TGTAAGCCAGTCTGGC-1,k15
B3h1#TGTACAGAGCGCAATG-1,k12
B3h1#TGTACAGGTAACACCT-1,k15
B3h1#TGTACAGGTGACTCGC-1,k12
B3h1#TGTAGACAGTAGACCG-1,k14
B3h1#TGTAGACCATGTGGCC-1,k14
B3h1#TGTAGACGTCACTTAG-1,k12
B3h1#TGTCAGATCTCGGCTT-1,k15
B3h1#TGTCCACAGACCACGA-1,k14
B3h1#TGTCCACCAGGTACGA-1,k15
B3h1#TGTCCACCATTGAGCT-1,k15
B3h1#TGTCCCACAGATTCGT-1,k15
B3h1#TGTCCCATCGGTCATA-1,k12
B3h1#TGTCCTGCAAGTAGTA-1,k12
B3h1#TGTCCTGTCCCTTTGG-1,k15
B3h1#TGTGATGAGTGATGGC-1,k14
B3h1#TGTGATGCAACTTGGT-1,k12
B3h1#TGTGATGGTACGTTCA-1,k12
B3h1#TGTGATGGTATCAGCT-1,k12
B3h1#TGTGCGGCAGCGATTT-1,k12
B3h1#TGTGCGGGTGTTTACG-1,k12
B3h1#TGTGTGAGTTTCCAAG-1,k12
B3h1#TGTTACTTCATCTGTT-1,k12
B3h1#TGTTCATTCGCTAATG-1,k15
B3h1#TGTTCATTCTGGTGCG-1,k12
B3h1#TGTTCCGGTGACTGAG-1,k14
B3h1#TGTTCCGTCCATGATG-1,k12
B3h1#TGTTCTATCCTAGCCT-1,k12
B3h1#TGTTGAGGTTTCAGAC-1,k15
B3h1#TTAATCCGTTAAGCAA-1,k14
B3h1#TTACAGGAGGCGTTGA-1,k15
B3h1#TTACAGGCAGGTGTTT-1,k15
B3h1#TTACAGGGTAGCTGAG-1,k12
B3h1#TTACCGCCAGGGTCTC-1,k12
B3h1#TTACGCCGTCAGTTTG-1,k14
B3h1#TTACGTTCAATACGCT-1,k14
B3h1#TTACTGTAGATACAGT-1,k14
B3h1#TTACTGTTCCCTTCCC-1,k12
B3h1#TTAGGCACACATATGC-1,k15
B3h1#TTAGGCATCGCTATTT-1,k15
B3h1#TTAGGGTAGCGAGAAA-1,k12
B3h1#TTATTGCAGACCCTTA-1,k14
B3h1#TTATTGCGTATTCCTT-1,k14
B3h1#TTCAATCTCGGTGTAT-1,k15
B3h1#TTCACGCAGCTGTCCG-1,k14
B3h1#TTCACGCGTAATACCC-1,k14
B3h1#TTCACGCTCAATGTCG-1,k12
B3h1#TTCAGGAGTGTTCCAA-1,k14
B3h1#TTCAGGAGTTAGGAGC-1,k12
B3h1#TTCAGGATCTCTAGGA-1,k12
B3h1#TTCATTGAGAATCGAT-1,k14
B3h1#TTCATTGTCCCGGTAG-1,k12
B3h1#TTCCAATAGGGCATGT-1,k14
B3h1#TTCCAATCATCGGAAG-1,k15
B3h1#TTCCACGAGCACGTCC-1,k15
B3h1#TTCCACGCATTCCTCG-1,k15
B3h1#TTCCGTGAGACAGTCG-1,k15
B3h1#TTCCGTGAGTATTCCG-1,k12
B3h1#TTCCGTGGTGATGAAT-1,k12
B3h1#TTCCGTGTCGTGTGGC-1,k14
B3h1#TTCCTCTGTTGTGTAC-1,k15
B3h1#TTCGATTCACAATGCT-1,k12
B3h1#TTCGCTGCAAGTGGCA-1,k15
B3h1#TTCGCTGGTTGGCCTG-1,k12
B3h1#TTCGGTCAGATGTTCC-1,k15
B3h1#TTCTAACAGCCATATC-1,k14
B3h1#TTCTAACTCGATCCAA-1,k15
B3h1#TTCTAGTGTAGTGATA-1,k12
B3h1#TTCTGTACAGGAACCA-1,k14
B3h1#TTCTGTATCACCTACC-1,k12
B3h1#TTCTGTATCCGCACTT-1,k15
B3h1#TTCTTCCAGCGATCGA-1,k14
B3h1#TTCTTCCCATGTTACG-1,k15
B3h1#TTCTTCCTCTGTCGCT-1,k12
B3h1#TTCTTGACAGCTGAGA-1,k12
B3h1#TTGACCCAGAATACAC-1,k14
B3h1#TTGACCCGTGTATTCG-1,k14
B3h1#TTGATGGGTTCAGGTT-1,k12
B3h1#TTGCATTCATTCAGCA-1,k12
B3h1#TTGCGTCCAACCAGAG-1,k15
B3h1#TTGCTGCAGTAGCCAG-1,k12
B3h1#TTGCTGCGTCAACCAT-1,k14
B3h1#TTGCTGCTCCAATCTT-1,k15
B3h1#TTGGATGTCTCCCAAC-1,k15
B3h1#TTGGGTACAGTGTGCC-1,k15
B3h1#TTGGTTTAGTGAGTTA-1,k15
B3h1#TTGTGGACACACACTA-1,k15
B3h1#TTGTGGAGTAACAAGT-1,k12
B3h1#TTGTGGAGTGTTTGCA-1,k14
B3h1#TTGTTCACAAGATGTA-1,k14
B3h1#TTGTTCACATTGGCAT-1,k12
B3h1#TTGTTCAGTATTCTCT-1,k15
B3h1#TTGTTCATCGCATGAT-1,k12
B3h1#TTGTTCATCTGTCCGT-1,k12
B3h1#TTGTTGTAGTCAGGGT-1,k12
B3h1#TTGTTTGGTTCAAACC-1,k12
B3h1#TTTACCATCTTCACAT-1,k12
B3h1#TTTACGTCATTCTGTT-1,k12
B3h1#TTTACTGAGCTGCCTG-1,k12
B3h1#TTTACTGAGTGCGCTC-1,k12
B3h1#TTTACTGCACTCTAGA-1,k15
B3h1#TTTACTGTCGTAGCCG-1,k12
B3h1#TTTAGTCGTAACATAG-1,k12
B3h1#TTTATGCAGTCAGAGC-1,k15
B3h1#TTTATGCAGTCTCCTC-1,k12
B3h1#TTTATGCGTCGCTCGA-1,k12
B3h1#TTTATGCTCACTACTT-1,k12
B3h1#TTTCACATCGGAAACG-1,k15
B3h1#TTTCAGTAGCATCAGG-1,k15
B3h1#TTTCAGTGTATACAGA-1,k12
B3h1#TTTCAGTTCCTCTAGC-1,k12
B3h1#TTTCAGTTCTTGATTC-1,k12
B3h1#TTTCATGGTTCGAGCC-1,k14
B3h1#TTTCCTCAGATAGTGT-1,k15
B3h1#TTTGATCAGGTGGCTA-1,k12
B3h1#TTTGGAGTCAGAGTGG-1,k12
B3h1#TTTGTTGTCTACGCAA-1,k14
B6h1#AAACCCAAGGATATGT-1,k12
B6h1#AAACCCACACCTCGTT-1,k14
B6h1#AAACGAAAGTCCCAGC-1,k14
B6h1#AAACGAAGTGAATGAT-1,k14
B6h1#AAAGAACGTGCAGTGA-1,k12
B6h1#AAAGGATAGCGGACAT-1,k15
B6h1#AAAGGATTCACCGGGT-1,k14
B6h1#AAAGGGCGTGGATCGA-1,k14
B6h1#AAAGGGCTCGGCACTG-1,k12
B6h1#AAAGTCCTCACAGTGT-1,k15
B6h1#AAATGGACATCGGTTA-1,k12
B6h1#AAATGGAGTCTAACGT-1,k12
B6h1#AACAAAGTCGGTTGTA-1,k14
B6h1#AACAACCCAAGCACCC-1,k12
B6h1#AACAAGACAATTCACG-1,k14
B6h1#AACACACCACACCTAA-1,k15
B6h1#AACACACCACTTACAG-1,k15
B6h1#AACCAACAGCACTAAA-1,k14
B6h1#AACCAACTCATGAGTC-1,k14
B6h1#AACCTTTAGAAGGATG-1,k12
B6h1#AACGGGAAGGGCATGT-1,k12
B6h1#AACGGGAGTGACAGCA-1,k14
B6h1#AACGTCACATATTCGG-1,k12
B6h1#AAGACAATCACTTCTA-1,k12
B6h1#AAGACTCGTTCAAGGG-1,k12
B6h1#AAGACTCGTTTCTATC-1,k12
B6h1#AAGCATCAGTTCAACC-1,k14
B6h1#AAGCGTTTCGATGCTA-1,k14
B6h1#AAGGTAACAATGTCAC-1,k14
B6h1#AAGTCGTTCTATTGTC-1,k12
B6h1#AATCACGAGTATGAGT-1,k14
B6h1#AATCACGGTTTGATCG-1,k15
B6h1#AATCGACGTGTTCCAA-1,k15
B6h1#AATCGTGGTCGCGTTG-1,k12
B6h1#AATGCCACACCTGAAT-1,k12
B6h1#AATGGAAGTCCTGTTC-1,k14
B6h1#AATGGAATCTCTCAAT-1,k12
B6h1#ACAACCACACTTGGCG-1,k12
B6h1#ACAACCATCGTAGCTA-1,k14
B6h1#ACACAGTCAGATCCTA-1,k12
B6h1#ACACGCGCAGATCATC-1,k14
B6h1#ACACTGAGTTCGGCGT-1,k14
B6h1#ACACTGAGTTCGTAAC-1,k14
B6h1#ACACTGATCAGCGCAC-1,k12
B6h1#ACACTGATCCACCCTA-1,k12
B6h1#ACAGCCGCAACCGCCA-1,k14
B6h1#ACAGCCGCACTGGAAG-1,k14
B6h1#ACAGCCGTCATTACCT-1,k12
B6h1#ACAGGGAAGAATACAC-1,k14
B6h1#ACATTTCCAGCTGTTA-1,k15
B6h1#ACCAACATCGGCTTGG-1,k12
B6h1#ACCACAACAATGTCTG-1,k14
B6h1#ACCACAATCCCAACTC-1,k12
B6h1#ACCATTTAGGTACTGG-1,k15
B6h1#ACCCAAAGTCGTACAT-1,k15
B6h1#ACCCTCATCTGGACCG-1,k12
B6h1#ACCCTTGGTCTCAGGC-1,k12
B6h1#ACCGTTCCATAAGCGG-1,k12
B6h1#ACCTACCTCTGAGGTT-1,k12
B6h1#ACCTGAAGTCGCACGT-1,k12
B6h1#ACCTGTCGTCTTGAGT-1,k14
B6h1#ACCTGTCTCATAGAGA-1,k12
B6h1#ACGATCATCTGAGAAA-1,k12
B6h1#ACGATGTCAATTCACG-1,k12
B6h1#ACGGAAGAGAGTGACC-1,k12
B6h1#ACGGAAGGTTGGGTAG-1,k12
B6h1#ACGGGTCCAAGATTGA-1,k12
B6h1#ACGGGTCGTGGTATGG-1,k12
B6h1#ACGGGTCGTGTCGCTG-1,k14
B6h1#ACGGGTCTCCGTCACT-1,k12
B6h1#ACGGTCGAGCATGTTC-1,k12
B6h1#ACGTACATCCGAGAAG-1,k12
B6h1#ACGTACATCGAACCTA-1,k14
B6h1#ACGTAGTAGTCCTGCG-1,k12
B6h1#ACGTTCCTCTTCCTAA-1,k15
B6h1#ACTACGACACCCGTAG-1,k12
B6h1#ACTACGATCGAAGCAG-1,k14
B6h1#ACTACGATCTTAGCTT-1,k12
B6h1#ACTATCTCAGTATGAA-1,k14
B6h1#ACTATGGCAGTCGGTC-1,k14
B6h1#ACTATTCTCAGACATC-1,k12
B6h1#ACTCTCGAGTAAACGT-1,k14
B6h1#ACTGCAAAGACGGAAA-1,k15
B6h1#ACTGCAAGTAATGCTC-1,k12
B6h1#ACTGCAATCACACGAT-1,k12
B6h1#ACTGTGACAAGACCTT-1,k12
B6h1#ACTGTGACACATGTTG-1,k12
B6h1#ACTTAGGCACCCGTAG-1,k14
B6h1#ACTTATCCAAAGCTAA-1,k15
B6h1#ACTTATCGTAGTTAGA-1,k14
B6h1#ACTTCGCTCGGTCTGG-1,k12
B6h1#ACTTTCATCACCGCTT-1,k15
B6h1#ACTTTCATCATGCATG-1,k12
B6h1#ACTTTGTTCGGCCTTT-1,k14
B6h1#AGAAATGGTTCTTAGG-1,k15
B6h1#AGAACAATCTAACGGT-1,k12
B6h1#AGAACCTAGAATCGTA-1,k14
B6h1#AGAAGTAGTAATGTGA-1,k14
B6h1#AGAAGTAGTTGCGGAA-1,k14
B6h1#AGACAAAAGCTGGCCT-1,k12
B6h1#AGACAGGGTACTGACT-1,k12
B6h1#AGACCATAGCGTCAGA-1,k14
B6h1#AGACCATGTGCTGATT-1,k14
B6h1#AGACTCACATCCGTTC-1,k14
B6h1#AGAGAATCACCACTGG-1,k12
B6h1#AGAGAGCCAAAGGCAC-1,k12
B6h1#AGAGAGCCAGAGGTAC-1,k12
B6h1#AGATCCACATCAGTGT-1,k14
B6h1#AGATGAACAAGCAGGT-1,k14
B6h1#AGATGAATCCACTAGA-1,k15
B6h1#AGATGCTGTAGCACGA-1,k12
B6h1#AGATGCTGTGTGTCCG-1,k12
B6h1#AGATGCTTCAGTCACA-1,k15
B6h1#AGCATCAGTAGGAGGG-1,k12
B6h1#AGCCAATAGAAGCGGG-1,k12
B6h1#AGCCACGTCGTCGGGT-1,k12
B6h1#AGCGCTGAGTAGAATC-1,k12
B6h1#AGCGTATAGCGAATGC-1,k14
B6h1#AGCGTATGTTGGGTAG-1,k12
B6h1#AGCTTCCAGCATATGA-1,k12
B6h1#AGCTTCCAGTGCTCAT-1,k12
B6h1#AGGAATACAGCAGGAT-1,k12
B6h1#AGGAATAGTGTTATCG-1,k14
B6h1#AGGACTTAGTTGCGAG-1,k12
B6h1#AGGATAAAGCCTATCA-1,k12
B6h1#AGGCATTAGAGGTCAC-1,k14
B6h1#AGGCATTTCGCTCATC-1,k14
B6h1#AGGCCACAGTCGTCTA-1,k12
B6h1#AGGCCACGTCGTCATA-1,k14
B6h1#AGGCTGCGTGTTACAC-1,k14
B6h1#AGGGAGTGTTGCTAGT-1,k14
B6h1#AGGGCTCAGTGGTTAA-1,k14
B6h1#AGGGTCCCAGCTTTCC-1,k12
B6h1#AGGTAGGTCGCTACGG-1,k14
B6h1#AGGTCTACAGACGATG-1,k14
B6h1#AGGTGTTGTGCCCACA-1,k15
B6h1#AGTACCAGTCTTAGTG-1,k12
B6h1#AGTACCATCTAAACGC-1,k12
B6h1#AGTAGTCGTTTAGACC-1,k12
B6h1#AGTGCCGCAGCATTGT-1,k14
B6h1#AGTGCCGCAGGGACTA-1,k14
B6h1#AGTGTTGAGGAAAGAC-1,k14
B6h1#AGTGTTGAGGACAACC-1,k12
B6h1#AGTGTTGCAGACCTAT-1,k14
B6h1#AGTTCGACAAATGGAT-1,k12
B6h1#ATACCGATCTCTCTTC-1,k12
B6h1#ATACTTCAGCGTTGTT-1,k12
B6h1#ATAGACCAGACCTGGA-1,k14
B6h1#ATAGAGATCCTGTAGA-1,k12
B6h1#ATAGGCTCACGTCGGT-1,k14
B6h1#ATATCCTCAATAGTCC-1,k12
B6h1#ATCACGACAGGTCAGA-1,k12
B6h1#ATCAGGTCAGAATGTA-1,k14
B6h1#ATCCACCCAAGGGTCA-1,k14
B6h1#ATCCCTGAGGTCGACA-1,k15
B6h1#ATCGATGCATGGTGGA-1,k12
B6h1#ATCGTGATCCCGTTGT-1,k14
B6h1#ATGAGGGGTTGAATCC-1,k14
B6h1#ATGAGTCTCCGAGCTG-1,k14
B6h1#ATGATCGAGCGCTTCG-1,k15
B6h1#ATGATCGCACGTCGGT-1,k14
B6h1#ATGATCGGTTGCCATA-1,k14
B6h1#ATGCATGTCCCTTGTG-1,k15
B6h1#ATGGTTGGTATGGAGC-1,k12
B6h1#ATGTCCCGTCGACTTA-1,k14
B6h1#ATGTCCCTCGCAACAT-1,k12
B6h1#ATTACCTTCACTGTTT-1,k12
B6h1#ATTCAGGCATCGCTAA-1,k14
B6h1#ATTCCATAGGTAAGAG-1,k12
B6h1#ATTCCATCAAAGGCTG-1,k12
B6h1#ATTCCCGAGCGTGAGT-1,k15
B6h1#ATTCCTAAGACCATTC-1,k14
B6h1#ATTCCTAGTCTTGTCC-1,k15
B6h1#ATTCGTTTCTTAGCTT-1,k14
B6h1#ATTCTACAGAGTAACT-1,k15
B6h1#ATTCTACAGGCCATAG-1,k14
B6h1#ATTCTACTCCTGGGAC-1,k12
B6h1#ATTCTTGTCCTGATAG-1,k12
B6h1#ATTGGGTAGTAAACAC-1,k14
B6h1#ATTGTTCCAAGTGACG-1,k14
B6h1#ATTGTTCTCGAAGCCC-1,k14
B6h1#ATTTACCGTTCGAAGG-1,k14
B6h1#CAAAGAACACGTCGTG-1,k14
B6h1#CAACAACAGGCGCTTC-1,k14
B6h1#CAACAACTCATTCGGA-1,k14
B6h1#CAACCTCGTGGATTTC-1,k14
B6h1#CAACGGCGTGTCACAT-1,k14
B6h1#CAAGACTCAGAGGTTG-1,k12
B6h1#CAAGAGGAGAATCTAG-1,k12
B6h1#CAAGCTAAGCTCTGTA-1,k15
B6h1#CAAGCTAGTCACAATC-1,k12
B6h1#CAATGACAGTATAACG-1,k12
B6h1#CACAGATAGAAGCTCG-1,k15
B6h1#CACAGATTCTAAGGAA-1,k15
B6h1#CACAGATTCTGTCGTC-1,k14
B6h1#CACAGGCGTTCCACGG-1,k12
B6h1#CACCAAACACAACGCC-1,k12
B6h1#CACCGTTGTTCAATCG-1,k14
B6h1#CACTAAGCAGCCTACG-1,k12
B6h1#CACTAAGGTATGGAAT-1,k14
B6h1#CACTGAAAGGTAAGGA-1,k15
B6h1#CACTGAATCCCTCAAC-1,k12
B6h1#CACTGAATCGATAACC-1,k12
B6h1#CACTGAATCTTACGTT-1,k14
B6h1#CACTGTCGTTGTCTAG-1,k14
B6h1#CACTTCGCATCTCCCA-1,k12
B6h1#CAGAGCCGTGAGCAGT-1,k14
B6h1#CAGATACAGGATCATA-1,k12
B6h1#CAGATACGTACAAGCG-1,k14
B6h1#CAGATCAAGATTGGGC-1,k14
B6h1#CAGATCATCTGCATGA-1,k14
B6h1#CAGCAATGTAAGCAAT-1,k14
B6h1#CAGCACGAGGTTTACC-1,k14
B6h1#CAGCACGGTCGAGCAA-1,k14
B6h1#CAGCAGCAGAGAAGGT-1,k14
B6h1#CAGCAGCGTCCGGTCA-1,k12
B6h1#CAGCCAGTCTACCACC-1,k14
B6h1#CAGGTATCACAGCCAC-1,k12
B6h1#CAGGTATTCATCCCGT-1,k12
B6h1#CAGTTCCAGCTCGACC-1,k14
B6h1#CAGTTCCAGCTTAAGA-1,k12
B6h1#CATAAGCAGCATGCAG-1,k14
B6h1#CATAAGCCACGTTGGC-1,k12
B6h1#CATACAGAGATGACCG-1,k12
B6h1#CATACAGGTTAAGCAA-1,k12
B6h1#CATACCCTCGGAAACG-1,k12
B6h1#CATACTTAGGAGGGTG-1,k12
B6h1#CATACTTGTAGGATAT-1,k14
B6h1#CATACTTGTCTGCGCA-1,k15
B6h1#CATCCCACAATGTTGC-1,k15
B6h1#CATCGCTAGACGTCCC-1,k14
B6h1#CATCGGGAGCCTCACG-1,k14
B6h1#CATCGGGGTATCAGGG-1,k12
B6h1#CATGAGTAGCCTCAGC-1,k15
B6h1#CATGAGTGTTGGGTAG-1,k14
B6h1#CATGCAATCGCGCCAA-1,k14
B6h1#CATGCCTCATATACCG-1,k14
B6h1#CATGCCTTCACGGGCT-1,k12
B6h1#CATGGATAGGCACAAC-1,k12
B6h1#CATGGATTCAAGAGTA-1,k12
B6h1#CATGGTAGTGCAGGAT-1,k12
B6h1#CATTCCGAGCGAGGAG-1,k14
B6h1#CATTCTATCTAGACAC-1,k14
B6h1#CATTGAGCAGTCAGTT-1,k12
B6h1#CATTGAGGTTGTCTAG-1,k12
B6h1#CATTGTTTCACTGTTT-1,k12
B6h1#CATTTCAGTAGTCCTA-1,k14
B6h1#CATTTCATCGTTCCTG-1,k12
B6h1#CCAAGCGCACGGATCC-1,k12
B6h1#CCAATGAGTCGATGCC-1,k14
B6h1#CCAATTTAGATGCTTC-1,k14
B6h1#CCAATTTAGGGTGAAA-1,k12
B6h1#CCAATTTGTCTAACGT-1,k12
B6h1#CCACCATAGTTGGCGA-1,k12
B6h1#CCATAAGCATGGCCCA-1,k12
B6h1#CCATCACAGGTCCAGA-1,k12
B6h1#CCATCACCATTCTCCG-1,k14
B6h1#CCCATTGGTAACATCC-1,k14
B6h1#CCCGAAGAGCGTACAG-1,k14
B6h1#CCCGAAGTCGCGTGAC-1,k12
B6h1#CCGAACGCACCAGTTA-1,k14
B6h1#CCGATCTTCGCTCTAC-1,k12
B6h1#CCGGGTAGTAAGGAGA-1,k14
B6h1#CCGGTAGTCTTCTCAA-1,k12
B6h1#CCGGTGAGTTACCTTT-1,k12
B6h1#CCTAACCAGGTAACTA-1,k15
B6h1#CCTAACCGTCTGGTTA-1,k12
B6h1#CCTAAGAGTCTTTATC-1,k12
B6h1#CCTACGTTCATTACGG-1,k14
B6h1#CCTCACATCTCTAAGG-1,k12
B6h1#CCTCATGAGCTGAGTG-1,k12
B6h1#CCTCATGTCTAGCCTC-1,k12
B6h1#CCTGCATCAAGAGTGC-1,k14
B6h1#CCTGCATGTTAGTCGT-1,k12
B6h1#CCTGCATTCAGTCTTT-1,k12
B6h1#CGAAGGAAGCTTAGTC-1,k12
B6h1#CGAAGGACACATTGTG-1,k12
B6h1#CGAAGTTTCCAAGAGG-1,k12
B6h1#CGACAGCTCTGTGCTC-1,k14
B6h1#CGAGGAAAGATGTTGA-1,k14
B6h1#CGAGGAAGTGGGATTG-1,k14
B6h1#CGAGGCTTCTTACACT-1,k12
B6h1#CGAGTGCTCATGAAAG-1,k14
B6h1#CGATGCGTCATACAGC-1,k15
B6h1#CGATGGCAGGGTTGCA-1,k12
B6h1#CGCAGGTTCTGTTCAT-1,k15
B6h1#CGCATAAAGCTACGTT-1,k14
B6h1#CGGAACCTCCGGCAGT-1,k12
B6h1#CGGAGAAAGATAGTCA-1,k14
B6h1#CGGCAGTTCCGTTTCG-1,k14
B6h1#CGGGTCACAAATTGGA-1,k12
B6h1#CGGTCAGGTCACCGAC-1,k12
B6h1#CGGTCAGGTTTGACAC-1,k12
B6h1#CGTAATGTCATCTCTA-1,k12
B6h1#CGTAGTAAGACCACGA-1,k14
B6h1#CGTAGTATCTGTAACG-1,k12
B6h1#CGTCAAACAGCTGTAT-1,k12
B6h1#CGTCCATAGTTGGGAC-1,k14
B6h1#CGTGAATGTATCACCA-1,k12
B6h1#CGTGTCTCACGAGAAC-1,k12
B6h1#CGTTCTGCATCTTTCA-1,k14
B6h1#CGTTCTGGTGACATCT-1,k14
B6h1#CGTTGGGAGGTAGTCG-1,k14
B6h1#CGTTGGGTCCTACGAA-1,k14
B6h1#CTAACCCCATAAGCGG-1,k15
B6h1#CTAACTTTCTATCCAT-1,k14
B6h1#CTAAGTGAGCCTCATA-1,k12
B6h1#CTAAGTGTCTCATTGT-1,k14
B6h1#CTACAGATCCCAGGCA-1,k14
B6h1#CTACATTCACGGTGAA-1,k14
B6h1#CTACCCACACAAGTTC-1,k14
B6h1#CTACCTGGTTGATCGT-1,k12
B6h1#CTAGGTATCTACCAGA-1,k12
B6h1#CTATAGGAGAGTGACC-1,k12
B6h1#CTATAGGGTTCTCCAC-1,k14
B6h1#CTATCTAGTCGATGCC-1,k12
B6h1#CTCAACCAGAGGTTAT-1,k12
B6h1#CTCAACCGTTAGGAGC-1,k12
B6h1#CTCAACCTCGCTTTAT-1,k12
B6h1#CTCAAGAGTCAGGCAA-1,k12
B6h1#CTCAATTTCTTGGTGA-1,k12
B6h1#CTCATCGAGTGTTCCA-1,k14
B6h1#CTCATGCAGGATTCCT-1,k12
B6h1#CTCATTAAGTCGGCCT-1,k14
B6h1#CTCATTACAGAGAATT-1,k15
B6h1#CTCCAACAGTAAACTG-1,k14
B6h1#CTCCACACAGACAAGC-1,k14
B6h1#CTCCATGAGGCTCTAT-1,k12
B6h1#CTCCATGGTGAGGCAT-1,k12
B6h1#CTCCATGTCGCGTCGA-1,k12
B6h1#CTCCTCCGTAATGCTC-1,k14
B6h1#CTCCTTTGTTCCTAGA-1,k14
B6h1#CTCGAGGAGTAGGATT-1,k12
B6h1#CTCTCAGTCCGGCTTT-1,k12
B6h1#CTCTCGACAAACTAGA-1,k12
B6h1#CTCTCGACAAGTTCGT-1,k12
B6h1#CTCTGGTTCCTCTAGC-1,k15
B6h1#CTGAGCGTCTGCAGCG-1,k12
B6h1#CTGAGGCGTGATAGAT-1,k12
B6h1#CTGAGGCTCATGCCGG-1,k12
B6h1#CTGATCCCAGAACTTC-1,k15
B6h1#CTGCATCCACAACATC-1,k12
B6h1#CTGCATCTCTAGTTCT-1,k14
B6h1#CTGCCATCACGAAAGC-1,k15
B6h1#CTGCCATTCATCGACA-1,k14
B6h1#CTGCCTACAGCTGTTA-1,k12
B6h1#CTGCGAGAGGAGAGTA-1,k12
B6h1#CTGCGAGGTCGTGGAA-1,k14
B6h1#CTGCTCAAGGTCCTGC-1,k15
B6h1#CTGGACGAGAGGTTAT-1,k14
B6h1#CTGGCAGGTGGCGTAA-1,k12
B6h1#CTGTACCAGGAACGCT-1,k12
B6h1#CTGTACCGTACTGCCG-1,k14
B6h1#CTGTACCTCTGTACAG-1,k12
B6h1#CTGTAGAAGCGTGCCT-1,k14
B6h1#CTGTCGTAGGTCCCGT-1,k14
B6h1#CTGTCGTCATCCGATA-1,k15
B6h1#CTGTGAAGTATCCCAA-1,k14
B6h1#CTGTGGGCACAATTCG-1,k14
B6h1#CTTACCGAGTAAATGC-1,k12
B6h1#CTTACCGTCTACCAGA-1,k14
B6h1#CTTAGGAAGTGTGTTC-1,k12
B6h1#CTTCCGAGTCCTTAAG-1,k14
B6h1#CTTCCTTCAACAGAGC-1,k12
B6h1#CTTCCTTTCTCTCGAC-1,k14
B6h1#CTTCGGTGTATCGCGC-1,k14
B6h1#CTTCGGTTCAAAGAAC-1,k14
B6h1#CTTCGGTTCACAAGAA-1,k14
B6h1#CTTCTAATCGCGTGAC-1,k12
B6h1#CTTCTCTGTGTCCAAT-1,k14
B6h1#CTTCTCTTCACCTCTG-1,k12
B6h1#CTTGAGAGTATTTCTC-1,k12
B6h1#CTTTCAACAAGCACAG-1,k14
B6h1#CTTTCAACAGAAATCA-1,k12
B6h1#CTTTCAACAGACCCGT-1,k12
B6h1#GAAACCTAGCGCTGCT-1,k15
B6h1#GAAACCTTCGTGTTCC-1,k14
B6h1#GAAATGAGTTGTGCCG-1,k12
B6h1#GAACACTAGGCTATCT-1,k15
B6h1#GAACACTAGTACCCTA-1,k12
B6h1#GAACACTCATAGAGGC-1,k12
B6h1#GAACTGTCACTGAATC-1,k12
B6h1#GAAGAATAGTCCGCGT-1,k12
B6h1#GAAGGACGTGCTCTCT-1,k12
B6h1#GAAGGGTCAAGAGATT-1,k12
B6h1#GAAGTAAGTGGCGTAA-1,k12
B6h1#GAATAGAAGCCTCTTC-1,k12
B6h1#GAATCGTAGGAAACGA-1,k12
B6h1#GACCAATAGGGAGGCA-1,k14
B6h1#GACCCAGCAAATGCGG-1,k14
B6h1#GACCCTTCAACGGCCT-1,k12
B6h1#GACCCTTCAAGAGATT-1,k15
B6h1#GACCTTCAGAGTCGAC-1,k14
B6h1#GACGCTGTCCGGACGT-1,k14
B6h1#GACGTTAAGCTAAACA-1,k15
B6h1#GACTATGCATGGGTTT-1,k12
B6h1#GACTATGGTGACAGCA-1,k12
B6h1#GACTCAAAGAAACTAC-1,k12
B6h1#GACTCAAAGCTTCTAG-1,k12
B6h1#GACTCAAAGGCGAAGG-1,k12
B6h1#GACTCAACAGTCTGGC-1,k12
B6h1#GACTCAAGTTGTGGAG-1,k12
B6h1#GACTGATTCACCCATC-1,k12
B6h1#GAGACCCTCGAGATGG-1,k15
B6h1#GAGACTTTCTGTTGGA-1,k12
B6h1#GAGAGGTAGGTGCCAA-1,k15
B6h1#GAGATGGTCAGTCATG-1,k14
B6h1#GAGGGATAGGTAGGCT-1,k12
B6h1#GAGGGATTCTCGCAGG-1,k14
B6h1#GAGTCATGTCAATCTG-1,k14
B6h1#GAGTGTTAGCCATTCA-1,k12
B6h1#GAGTTGTTCAGACTGT-1,k12
B6h1#GAGTTTGCAGCAAGAC-1,k14
B6h1#GATAGAATCATGCCGG-1,k14
B6h1#GATCACAAGGCGAAGG-1,k12
B6h1#GATCACACAAAGCTAA-1,k12
B6h1#GATCAGTCAACCGTGC-1,k14
B6h1#GATCAGTTCCCAGGAC-1,k15
B6h1#GATCATGAGCAATTCC-1,k14
B6h1#GATCATGTCTGAGGCC-1,k14
B6h1#GATCGTAAGAGAGGTA-1,k12
B6h1#GATGACTAGAGCAAGA-1,k14
B6h1#GATGACTTCTGGTCAA-1,k12
B6h1#GATGATCAGGAATCGC-1,k15
B6h1#GATGATCGTGAATATG-1,k12
B6h1#GCAACCGTCACTGATG-1,k14
B6h1#GCACGGTGTACGCTAT-1,k14
B6h1#GCACGTGCACGTCTCT-1,k15
B6h1#GCACTAAGTCTCGACG-1,k12
B6h1#GCACTAATCTTGTGCC-1,k14
B6h1#GCAGCTGCATCGTGCG-1,k12
B6h1#GCAGGCTGTCTCGGGT-1,k15
B6h1#GCAGGCTTCCTACACC-1,k14
B6h1#GCAGTTAGTGTTCGAT-1,k12
B6h1#GCAGTTATCCTCTGCA-1,k12
B6h1#GCATCGGCAATTAGGA-1,k12
B6h1#GCATCTCCAAGAGAGA-1,k14
B6h1#GCATGATAGGCTCAAG-1,k12
B6h1#GCATGATGTGTTATCG-1,k12
B6h1#GCATTAGAGGTAGCCA-1,k12
B6h1#GCATTAGGTGTCATTG-1,k12
B6h1#GCCAACGCACATCATG-1,k14
B6h1#GCCAACGGTGTATTGC-1,k12
B6h1#GCCAACGGTTGCCTAA-1,k12
B6h1#GCCAACGTCCTGGGAC-1,k12
B6h1#GCCAGCATCGCCAACG-1,k14
B6h1#GCCAGGTAGCAAGCCA-1,k15
B6h1#GCCAGGTTCATCCTAT-1,k12
B6h1#GCCATGGCACTAAACC-1,k14
B6h1#GCCATGGGTAGCTTTG-1,k14
B6h1#GCCCGAAGTCCATCTC-1,k12
B6h1#GCCTGTTTCATTGCTT-1,k14
B6h1#GCCTGTTTCCCGAAAT-1,k14
B6h1#GCGAGAATCGAAGTGG-1,k12
B6h1#GCGGATCAGACTGAGC-1,k15
B6h1#GCGGATCGTACTGTTG-1,k12
B6h1#GCGTGCAAGTTGTCAC-1,k15
B6h1#GCTACAAAGATCCGAG-1,k12
B6h1#GCTACCTGTGCTGATT-1,k14
B6h1#GCTACCTTCCGACAGC-1,k14
B6h1#GCTGGGTCAGGCCTGT-1,k12
B6h1#GCTTCACCAACGGCCT-1,k12
B6h1#GCTTGGGCACATCATG-1,k12
B6h1#GCTTTCGTCTCAACCC-1,k15
B6h1#GGAACCCTCCGAGCTG-1,k12
B6h1#GGAACCCTCCTTATGT-1,k12
B6h1#GGACGTCAGCTGCGAA-1,k14
B6h1#GGAGCAAGTTACCTTT-1,k14
B6h1#GGAGGATAGCCGATAG-1,k12
B6h1#GGAGGATAGGTGCGAT-1,k12
B6h1#GGATCTAAGTCATCCA-1,k12
B6h1#GGATGTTGTCTACTGA-1,k14
B6h1#GGCAGTCAGGTGCATG-1,k14
B6h1#GGCAGTCCAGAGCGTA-1,k15
B6h1#GGCAGTCGTCCGAAAG-1,k14
B6h1#GGCTGTGTCTCATTTG-1,k15
B6h1#GGCTTGGGTGCAATAA-1,k12
B6h1#GGCTTTCTCACCTCAC-1,k14
B6h1#GGGAAGTCAAGCTGCC-1,k12
B6h1#GGGAAGTGTCGAACAG-1,k12
B6h1#GGGAAGTGTGTCCTAA-1,k14
B6h1#GGGAAGTTCCGGTAGC-1,k14
B6h1#GGGACCTAGGATCATA-1,k12
B6h1#GGGACCTCATTGCTTT-1,k14
B6h1#GGGACTCAGGCAGCTA-1,k14
B6h1#GGGACTCGTCCGACGT-1,k12
B6h1#GGGATGAGTAGCTTTG-1,k12
B6h1#GGGATGAGTGCAATGG-1,k14
B6h1#GGGATGATCTCAAAGC-1,k15
B6h1#GGGCTACGTGTATCCA-1,k12
B6h1#GGGCTCAAGGCCATAG-1,k12
B6h1#GGGTAGAAGACTCTTG-1,k14
B6h1#GGGTATTAGCCTAACT-1,k12
B6h1#GGGTCACCAGCTTCCT-1,k12
B6h1#GGGTGAACAGGACAGT-1,k12
B6h1#GGGTGTCAGCACTGGA-1,k12
B6h1#GGGTGTCCAACCAACT-1,k14
B6h1#GGGTTATAGCGTGCCT-1,k14
B6h1#GGGTTTAGTACTCGCG-1,k14
B6h1#GGGTTTATCGAAGCAG-1,k12
B6h1#GGTAATCAGAAGCCTG-1,k14
B6h1#GGTAATCGTGGTCTAT-1,k14
B6h1#GGTAGAGAGGTAGACC-1,k12
B6h1#GGTAGAGTCAACACCA-1,k12
B6h1#GGTGGCTTCGTTATCT-1,k12
B6h1#GGTTAACAGCCGCTTG-1,k14
B6h1#GTAACCAAGGAACTAT-1,k12
B6h1#GTAACCACAATGCTCA-1,k14
B6h1#GTAAGTCAGCTTTGTG-1,k12
B6h1#GTAGAAAAGTATGAGT-1,k12
B6h1#GTAGATCGTGACTGAG-1,k12
B6h1#GTAGCTAGTCCTCCAT-1,k14
B6h1#GTAGGAGCACAAACGG-1,k14
B6h1#GTAGTACAGCTTTGTG-1,k12
B6h1#GTAGTACCAGAACCGA-1,k14
B6h1#GTCATCCGTCGCCACA-1,k12
B6h1#GTCATGAAGCCATCCG-1,k12
B6h1#GTCATTTAGACGAGCT-1,k12
B6h1#GTCATTTCACGGAAGT-1,k14
B6h1#GTCCACTTCTCTAAGG-1,k15
B6h1#GTCCCATTCCCTCAAC-1,k14
B6h1#GTCCTCAAGTACTGTC-1,k14
B6h1#GTCTAGATCGGTGTTA-1,k12
B6h1#GTGACGCTCGAGCTGC-1,k12
B6h1#GTGAGGACAGCTACTA-1,k14
B6h1#GTGAGTTAGACATAGT-1,k15
B6h1#GTGCAGCTCAAAGACA-1,k15
B6h1#GTGCGTGCACCACTGG-1,k12
B6h1#GTGCTGGCAATGGGTG-1,k14
B6h1#GTGCTGGTCGACGACC-1,k12
B6h1#GTGGAAGAGTAACCTC-1,k15
B6h1#GTGGAGAAGTACAGCG-1,k14
B6h1#GTGGAGATCTATCGTT-1,k12
B6h1#GTGGGAAAGGATACAT-1,k12
B6h1#GTGGTTACATGTGCCG-1,k14
B6h1#GTGGTTACATTCAGGT-1,k14
B6h1#GTGTAACAGATCGCTT-1,k14
B6h1#GTGTAACCAACACAGG-1,k12
B6h1#GTGTAACTCTAGGCCG-1,k14
B6h1#GTGTAACTCTCCGAAA-1,k12
B6h1#GTGTCCTAGGCATGCA-1,k12
B6h1#GTGTCCTTCTGTAACG-1,k12
B6h1#GTGTGGCCAACCTATG-1,k12
B6h1#GTGTTAGAGCACTCGC-1,k14
B6h1#GTGTTCCAGCGGGTTA-1,k12
B6h1#GTGTTCCGTTGGACTT-1,k12
B6h1#GTGTTCCTCAGACAAA-1,k14
B6h1#GTGTTCCTCATAAGGA-1,k14
B6h1#GTTACAGCACTGCATA-1,k14
B6h1#GTTACAGGTATCGCAT-1,k12
B6h1#GTTACCCGTTCGAAGG-1,k12
B6h1#GTTACGAAGGAAAGGT-1,k12
B6h1#GTTAGACCAACTCCAA-1,k14
B6h1#GTTAGACGTCGTGTTA-1,k15
B6h1#GTTCATTAGGGAGGTG-1,k14
B6h1#GTTCCGTCACATCCCT-1,k14
B6h1#GTTGAACCACCTCGTT-1,k12
B6h1#GTTGCTCGTCTTGCGG-1,k14
B6h1#TAACGACCAGACGCTC-1,k12
B6h1#TAACTTCTCCCAGCGA-1,k14
B6h1#TAAGCACAGAGTAACT-1,k14
B6h1#TAAGCCAAGGTGTGAC-1,k14
B6h1#TAAGCCAGTACCACGC-1,k14
B6h1#TAAGCCAGTCACAGAG-1,k14
B6h1#TAATCTCAGCGAGTAC-1,k15
B6h1#TACAACGGTGCGTTTA-1,k14
B6h1#TACAACGTCAAATGAG-1,k14
B6h1#TACCGGGAGCATTGAA-1,k15
B6h1#TACCGGGAGGTAGCCA-1,k12
B6h1#TACCTCGGTTGCTCAA-1,k12
B6h1#TACCTCGGTTTGAAAG-1,k12
B6h1#TACCTCGTCGGCTGAC-1,k12
B6h1#TACCTGCCACGCCAGT-1,k12
B6h1#TACGCTCCAATTTCCT-1,k12
B6h1#TACGGGCGTCACTGAT-1,k14
B6h1#TACTGCCAGCCTAACT-1,k14
B6h1#TACTTACGTTGTCTAG-1,k12
B6h1#TAGACCAGTAGGTTTC-1,k12
B6h1#TAGACTGCAAGTTTGC-1,k14
B6h1#TAGACTGGTTGCCGCA-1,k14
B6h1#TAGATCGCAATCACGT-1,k14
B6h1#TAGATCGTCTGGGCGT-1,k14
B6h1#TAGCACACAATAAGGT-1,k14
B6h1#TAGCACAGTACCGGAA-1,k15
B6h1#TAGCACATCAAACGAA-1,k15
B6h1#TAGGAGGTCGCTTAAG-1,k14
B6h1#TAGGGTTAGGTTGTTC-1,k15
B6h1#TAGGGTTCAGCCCACA-1,k12
B6h1#TAGGTACCAGCCTACG-1,k12
B6h1#TAGGTTGCACCAGCGT-1,k14
B6h1#TATACCTCATCCAACA-1,k14
B6h1#TATACCTGTCACAATC-1,k12
B6h1#TATCCTAAGTCGAAAT-1,k12
B6h1#TATCGCCAGCCGATCC-1,k14
B6h1#TATCTTGAGCTAGTTC-1,k14
B6h1#TATGTTCCAGCAGGAT-1,k12
B6h1#TATGTTCGTAGGTTTC-1,k12
B6h1#TATGTTCGTCTGATAC-1,k12
B6h1#TATTCCAGTAGTGCGA-1,k14
B6h1#TATTGCTCAAAGCACG-1,k12
B6h1#TATTGGGAGTAAGGGA-1,k14
B6h1#TATTGGGGTCCCTGAG-1,k15
B6h1#TCAAGCAAGCGAGAAA-1,k12
B6h1#TCAAGTGGTAGATCGG-1,k14
B6h1#TCAATCTCAGAATGTA-1,k12
B6h1#TCAATTCTCCTGTAGA-1,k14
B6h1#TCACAAGAGCCAGTAG-1,k12
B6h1#TCACAAGGTTCGGTAT-1,k14
B6h1#TCACGGGGTCAGACGA-1,k12
B6h1#TCACTATTCACCTCTG-1,k15
B6h1#TCAGCAATCGACGAGA-1,k12
B6h1#TCAGCCTAGACCAACG-1,k12
B6h1#TCAGGGCCACTTCAGA-1,k12
B6h1#TCAGTTTGTCCGATCG-1,k12
B6h1#TCATACTAGGTATAGT-1,k15
B6h1#TCATACTTCTCGTTTA-1,k14
B6h1#TCATATCGTCCCTAAA-1,k12
B6h1#TCATCATAGCAGTACG-1,k14
B6h1#TCATCATCACCATATG-1,k12
B6h1#TCATCATCAGAAATTG-1,k15
B6h1#TCATGAGCACGGGTAA-1,k14
B6h1#TCATGAGCATCGATAC-1,k12
B6h1#TCATGCCCACTTACAG-1,k14
B6h1#TCATGCCCAGAAACCG-1,k12
B6h1#TCATGTTCAGGTTCAT-1,k12
B6h1#TCATTACTCACCCTCA-1,k12
B6h1#TCATTCAAGCTCACTA-1,k12
B6h1#TCATTTGAGGTTTGAA-1,k14
B6h1#TCCAGAACACTGCGTG-1,k14
B6h1#TCCATCGCACACGGAA-1,k14
B6h1#TCCATCGCACTGCACG-1,k14
B6h1#TCCATCGCATGACGAG-1,k14
B6h1#TCCCACAAGGGCAGAG-1,k14
B6h1#TCCCACAAGTGGCCTC-1,k14
B6h1#TCCCATGGTACAGAAT-1,k14
B6h1#TCCGGGACAAGCGGAT-1,k12
B6h1#TCCGGGAGTCTTCCGT-1,k14
B6h1#TCCGTGTGTCGTGGAA-1,k12
B6h1#TCCGTGTTCTTCGGTC-1,k12
B6h1#TCCTCGAAGCGTGTTT-1,k15
B6h1#TCCTCTTGTGATTAGA-1,k14
B6h1#TCCTGCACAAAGCTAA-1,k14
B6h1#TCCTGCATCGCGGTAC-1,k12
B6h1#TCCTGCATCGTAGCTA-1,k15
B6h1#TCGAACACATCACCAA-1,k12
B6h1#TCGACCTAGGAACGAA-1,k12
B6h1#TCGACGGAGGGCATGT-1,k12
B6h1#TCGACGGTCAAGCCCG-1,k12
B6h1#TCGCACTCAGGTCAGA-1,k12
B6h1#TCGCAGGAGTATTAGG-1,k14
B6h1#TCGCAGGGTCCGGTGT-1,k14
B6h1#TCGCTTGAGAGTTCGG-1,k14
B6h1#TCGGATACACACAGCC-1,k14
B6h1#TCGGATACAGGATCTT-1,k12
B6h1#TCGGATATCCCGTTCA-1,k12
B6h1#TCGGATATCTCGGTAA-1,k14
B6h1#TCGGGACAGATGGCGT-1,k14
B6h1#TCGGGCACATCTGGGC-1,k15
B6h1#TCGGGCAGTGTTGATC-1,k12
B6h1#TCGGGTGGTGCTCTCT-1,k12
B6h1#TCGGTCTAGGAATCGC-1,k14
B6h1#TCGTGCTAGTTCTCTT-1,k15
B6h1#TCTAACTCACATGAAA-1,k14
B6h1#TCTACCGCAACAGATA-1,k14
B6h1#TCTCCGACACAGAAGC-1,k14
B6h1#TCTCCGATCAAACTGC-1,k12
B6h1#TCTCTGGAGAATCGAT-1,k12
B6h1#TCTCTGGCACGGAAGT-1,k12
B6h1#TCTGCCACAGAGTCTT-1,k14
B6h1#TCTGCCAGTGCCTGAC-1,k12
B6h1#TCTGGCTAGCTGGCCT-1,k12
B6h1#TCTGGCTGTCGAACAG-1,k12
B6h1#TCTGTCGAGTTCATGC-1,k14
B6h1#TCTGTCGGTGATACAA-1,k14
B6h1#TCTGTCGTCTTCTCAA-1,k12
B6h1#TCTTAGTAGTTGAATG-1,k15
B6h1#TCTTAGTCATTATGCG-1,k14
B6h1#TCTTGCGAGACTACCT-1,k14
B6h1#TCTTGCGTCATTTCGT-1,k12
B6h1#TCTTGCGTCGAACACT-1,k15
B6h1#TGAATCGAGTTTCAGC-1,k15
B6h1#TGACTCCAGCCATTGT-1,k12
B6h1#TGACTCCTCCGTGGCA-1,k14
B6h1#TGAGACTAGAGCAACC-1,k14
B6h1#TGAGACTGTCATAACC-1,k12
B6h1#TGAGCATCACCGGTCA-1,k15
B6h1#TGAGCGCTCCCAGTGG-1,k14
B6h1#TGAGCGCTCTCGTCAC-1,k14
B6h1#TGAGGAGAGGTTATAG-1,k14
B6h1#TGAGGAGTCATGACAC-1,k12
B6h1#TGAGGGAGTGCAACAG-1,k12
B6h1#TGAGTCAAGTGCCTCG-1,k14
B6h1#TGAGTCACAAGGCTTT-1,k12
B6h1#TGATGCAAGATTAGAC-1,k12
B6h1#TGATGGTAGCCTGGAA-1,k14
B6h1#TGATGGTTCGTAGGAG-1,k14
B6h1#TGATTCTTCATGGGAG-1,k12
B6h1#TGATTCTTCGACATTG-1,k12
B6h1#TGATTTCTCGTCGGGT-1,k12
B6h1#TGCACGGCATCAGCGC-1,k14
B6h1#TGCAGGCGTGAAAGTT-1,k12
B6h1#TGCAGGCTCAAGAAAC-1,k12
B6h1#TGCGATAGTCACCCTT-1,k14
B6h1#TGCGATAGTCACGTGC-1,k12
B6h1#TGCGGGTTCTCGCGTT-1,k12
B6h1#TGCTCGTCACGCTGAC-1,k14
B6h1#TGCTCGTCATGTCAGT-1,k12
B6h1#TGCTTGCAGAAGTCTA-1,k12
B6h1#TGGAGAGCAGTCTTCC-1,k12
B6h1#TGGAGAGTCTCCCTAG-1,k12
B6h1#TGGAGGAAGAAGGGAT-1,k14
B6h1#TGGAGGAAGATCACTC-1,k12
B6h1#TGGAGGACAACATACC-1,k12
B6h1#TGGATCACAACATCGT-1,k12
B6h1#TGGATGTTCTTACCGC-1,k14
B6h1#TGGGAAGGTGAACTAA-1,k14
B6h1#TGGGATTGTACTTCCC-1,k14
B6h1#TGGGCGTCAAGAATGT-1,k14
B6h1#TGGGCTGCAGCACACC-1,k12
B6h1#TGGTACACAAATCCCA-1,k12
B6h1#TGGTAGTAGTACTGTC-1,k15
B6h1#TGGTGATCAATGAAAC-1,k14
B6h1#TGGTGATCATAACAGA-1,k12
B6h1#TGGTTAGAGAGCAAGA-1,k14
B6h1#TGTAAGCGTGATGGCA-1,k14
B6h1#TGTAGACTCTTTCTAG-1,k12
B6h1#TGTCAGAAGCCTGAGA-1,k15
B6h1#TGTCCTGCAAGTGGTG-1,k15
B6h1#TGTGAGTGTGCGGCTT-1,k12
B6h1#TGTGATGGTCCTCCAT-1,k14
B6h1#TGTGATGGTGGAAATT-1,k12
B6h1#TGTGCGGCAAGGTACG-1,k12
B6h1#TGTTACTAGCAATTAG-1,k12
B6h1#TGTTCATAGGTGAGCT-1,k15
B6h1#TGTTGAGAGTTGCTGT-1,k12
B6h1#TGTTGAGGTCCGACGT-1,k15
B6h1#TGTTTGTGTCTTCATT-1,k14
B6h1#TTAATCCGTTTCACAG-1,k15
B6h1#TTACAGGAGCAGTAAT-1,k12
B6h1#TTACAGGCAGTCGCAC-1,k15
B6h1#TTACCATAGTGAGGCT-1,k12
B6h1#TTACCATTCAACTACG-1,k12
B6h1#TTACGCCCAAGTGGGT-1,k14
B6h1#TTACGCCTCGCGTGCA-1,k15
B6h1#TTACGCCTCGGCTGAC-1,k14
B6h1#TTACTGTTCCTTGAAG-1,k12
B6h1#TTAGGCAAGTCCTGTA-1,k14
B6h1#TTAGGCAGTGGTTCTA-1,k15
B6h1#TTAGGGTGTGTCACAT-1,k14
B6h1#TTAGTCTAGGTACAAT-1,k15
B6h1#TTAGTCTTCTTCGGTC-1,k12
B6h1#TTATTGCAGCGGGTTA-1,k14
B6h1#TTCAATCGTCTTGAAC-1,k12
B6h1#TTCCACGAGCCAACCC-1,k12
B6h1#TTCCGTGCAAGCGGAT-1,k12
B6h1#TTCCGTGGTTATGGTC-1,k14
B6h1#TTCCTAAAGCGTTAGG-1,k15
B6h1#TTCCTTCAGTTCAACC-1,k12
B6h1#TTCCTTCTCTTCCGTG-1,k12
B6h1#TTCGATTTCACTGGGC-1,k12
B6h1#TTCGATTTCTTCCCGA-1,k12
B6h1#TTCTCTCAGTGTTGTC-1,k15
B6h1#TTCTCTCCAAGAGGTC-1,k15
B6h1#TTCTCTCCACTGGATT-1,k12
B6h1#TTCTCTCGTGCAGTGA-1,k14
B6h1#TTCTGTACACTTCATT-1,k14
B6h1#TTCTGTATCAACCGAT-1,k14
B6h1#TTCTTGAAGACTAGAT-1,k12
B6h1#TTCTTGAAGAGCTGAC-1,k12
B6h1#TTCTTGACAGCTACTA-1,k15
B6h1#TTCTTGATCGTTCGCT-1,k14
B6h1#TTGAACGGTTCTCCCA-1,k15
B6h1#TTGACCCGTTGAGAGC-1,k12
B6h1#TTGATGGTCGCCTATC-1,k14
B6h1#TTGCCTGAGGTAAGAG-1,k15
B6h1#TTGCCTGCAACGTATC-1,k14
B6h1#TTGGGATAGAGAGGTA-1,k14
B6h1#TTGGGATTCTGCTAGA-1,k12
B6h1#TTGGGCGTCAGGACGA-1,k12
B6h1#TTGGGTATCGACGACC-1,k14
B6h1#TTGGTTTGTAGCGTCC-1,k14
B6h1#TTGTGTTGTAGACAGC-1,k14
B6h1#TTGTTCAAGATAACAC-1,k14
B6h1#TTGTTCATCATGCAGT-1,k12
B6h1#TTTACGTCACAAAGTA-1,k12
B6h1#TTTACGTCACCCAAGC-1,k12
B6h1#TTTACTGAGTCACGAG-1,k14
B6h1#TTTATGCTCCTAGCGG-1,k15
B6h1#TTTCAGTAGCATATGA-1,k15
B6h1#TTTCAGTCAGTCCGTG-1,k12
B6h1#TTTCCTCGTCCCGTGA-1,k12
B6h1#TTTCGATGTACTAACC-1,k12
B6h1#TTTGATCAGCATTGAA-1,k14
B6h1#TTTGATCTCATACGGT-1,k14
B6h1#TTTGGTTAGTCTTCCC-1,k14
